dt,LandAverageTemperature,LandMaxTemperature,LandMinTemperature,LandAndOceanAverageTemperature
1850-01-01,0.749,8.242,-3.206,12.833
1850-02-01,3.071,9.97,-2.291,13.588
1850-03-01,4.954,10.347,-1.905,14.043
1850-04-01,7.217,12.934,1.018,14.667
1850-05-01,10.004,15.655,3.811,15.507
1850-06-01,13.15,18.946,7.106,16.353
1850-07-01,14.492,19.233,8.014,16.783
1850-08-01,14.039,18.477,7.406,16.718
1850-09-01,11.505,15.846,4.533,15.886
1850-10-01,8.091,13.189,2.013,14.831
1850-11-01,4.733,11.388,-0.12,13.897
1850-12-01,2.803,7.493,-2.807,13.3
1851-01-01,2.431,8.951,-2.443,13.245
1851-02-01,2.508,9.808,-1.507,13.331
1851-03-01,4.192,11.507,-0.7,13.897
1851-04-01,7.287,14.236,2.331,14.64
1851-05-01,11.113,15.01,4.136,15.771
1851-06-01,13.418,17.288,6.374,16.496
1851-07-01,14.531,17.103,7.425,16.831
1851-08-01,13.751,17.361,6.595,16.621
1851-09-01,11.677,16.36,5.525,16.058
1851-10-01,9.122,14.961,3.298,15.213
1851-11-01,4.973,7.951,-1.345,14.161
1851-12-01,3.14,6.436,-3.242,13.638
1852-01-01,2.376,8.474,-2.755,13.231
1852-02-01,2.54,8.569,-2.337,13.311
1852-03-01,3.884,9.215,-2.491,13.736
1852-04-01,7.487,11.249,0.647,14.786
1852-05-01,11.169,15.835,4.624,15.899
1852-06-01,13.164,17.76,6.705,16.619
1852-07-01,14.512,17.795,7.57,16.984
1852-08-01,13.304,17.567,7.429,16.566
1852-09-01,11.478,16.665,5.742,16.038
1852-10-01,8.91,14.849,2.813,15.178
1852-11-01,4.593,12.009,0.736,13.948
1852-12-01,3.785,10.781,-0.639,13.782
1853-01-01,1.786,8.972,-2.818,13.143
1853-02-01,2.228,8.29,-3.213,13.362
1853-03-01,4.078,10.325,-1.966,14.033
1853-04-01,7.541,13.72,1.655,14.919
1853-05-01,10.975,16.543,4.364,15.793
1853-06-01,13.41,18.611,6.944,16.455
1853-07-01,14.645,18.923,6.933,16.999
1853-08-01,13.953,19.308,7.273,16.789
1853-09-01,11.71,17.691,5.779,15.942
1853-10-01,8.535,14.757,1.85,14.874
1853-11-01,4.783,11.269,-0.076,13.829
1853-12-01,2.858,8.23,-4.015,13.324
1854-01-01,1.281,8.786,-3.552,12.983
1854-02-01,1.941,8.508,-4.109,13.248
1854-03-01,4.698,10.469,-1.413,14.089
1854-04-01,7.622,13.402,0.566,14.945
1854-05-01,11.095,16.748,4.184,15.793
1854-06-01,12.829,18.188,6.493,16.286
1854-07-01,14.692,20.426,7.89,16.775
1854-08-01,13.889,19.291,7.303,16.707
1854-09-01,11.514,17.357,5.554,16.098
1854-10-01,9.763,15.341,3.033,15.378
1854-11-01,5.745,10.707,-1.406,14.123
1854-12-01,3.457,8.506,-3.397,13.467
1855-01-01,2.522,8.22,-3.125,13.384
1855-02-01,2.982,7.604,-4.947,13.646
1855-03-01,4.617,10.16,-1.865,14.172
1855-04-01,8.58,13.709,1.141,15.187
1855-05-01,11.186,16.77,4.286,15.822
1855-06-01,12.984,17.642,6.476,16.445
1855-07-01,13.926,18.467,7.691,16.675
1855-08-01,13.547,19.012,6.931,16.685
1855-09-01,11.141,17.078,5.499,15.829
1855-10-01,8.444,14.26,2.317,15.075
1855-11-01,5.186,11.117,-0.517,14.118
1855-12-01,2.214,7.879,-3.453,13.215
1856-01-01,2.76,7.298,-3.727,13.368
1856-02-01,2.226,8.294,-3.679,13.311
1856-03-01,4.372,10.327,-2.241,13.957
1856-04-01,7.751,14.387,1.242,14.945
1856-05-01,10.53,16.704,3.945,15.813
1856-06-01,13.496,18.326,6.879,16.492
1856-07-01,14.019,18.349,7.035,16.675
1856-08-01,13.021,18.386,6.767,16.39
1856-09-01,10.948,17.21,4.864,15.641
1856-10-01,8.087,14.128,1.979,14.783
1856-11-01,5.36,10.349,-1.433,13.856
1856-12-01,3.381,7.885,-3.33,13.321
1857-01-01,1.821,6.642,-5.407,12.972
1857-02-01,2.481,9.602,-1.92,13.385
1857-03-01,4.312,10.2,-1.071,13.916
1857-04-01,6.827,13.107,0.88,14.481
1857-05-01,9.885,15.6,3.639,15.279
1857-06-01,12.611,17.372,5.849,16.175
1857-07-01,13.953,18.717,7.438,16.478
1857-08-01,13.203,18.194,6.998,16.459
1857-09-01,11.056,17.223,5.146,15.84
1857-10-01,8.198,14.558,2.881,14.918
1857-11-01,5.236,10.527,-0.605,13.829
1857-12-01,3.515,9.509,-1.546,13.367
1858-01-01,2.739,9.044,-2.692,13.221
1858-02-01,2.284,7.829,-4.148,13.29
1858-03-01,4.834,10.44,-1.47,14.044
1858-04-01,8.25,13.912,1.041,14.967
1858-05-01,10.851,16.258,3.864,15.541
1858-06-01,12.956,18.968,7.038,16.172
1858-07-01,13.677,18.561,7.888,16.51
1858-08-01,13.22,18.261,7.264,16.489
1858-09-01,11.148,17.559,5.505,15.833
1858-10-01,8.81,15.071,3.688,15.114
1858-11-01,5.99,9.803,-0.684,14.134
1858-12-01,2.444,8.49,-1.965,13.263
1859-01-01,2.015,8.074,-2.7,13.058
1859-02-01,2.611,8.968,-1.858,13.33
1859-03-01,5.023,11.16,-0.458,14.104
1859-04-01,8.542,14.225,1.434,15.197
1859-05-01,11.456,17.021,5.277,15.868
1859-06-01,13.142,18.285,7.057,16.4
1859-07-01,13.827,19.444,7.85,16.494
1859-08-01,13.217,19.201,7.965,16.45
1859-09-01,11.08,16.483,5.423,15.589
1859-10-01,8.834,14.235,2.968,15.062
1859-11-01,5.912,10.973,-0.014,14.094
1859-12-01,3.365,8.255,-3.422,13.513
1860-01-01,2.077,9.772,-2.059,13.17
1860-02-01,2.632,8.747,-3.232,13.424
1860-03-01,3.494,11.821,-0.714,13.714
1860-04-01,7.76,13.511,1.805,14.861
1860-05-01,11.062,16.822,4.792,15.758
1860-06-01,13.272,19.163,7.213,16.338
1860-07-01,14.203,18.566,7.45,16.737
1860-08-01,13.765,18.984,7.069,16.634
1860-09-01,11.892,16.892,5.536,16.133
1860-10-01,8.712,13.677,2.906,15.076
1860-11-01,5.027,11.012,-0.111,13.922
1860-12-01,1.634,8.556,-2.525,12.828
1861-01-01,0.404,7.743,-3.256,12.475
1861-02-01,2.137,8.601,-3.055,12.917
1861-03-01,4.489,9.786,-2.007,13.824
1861-04-01,7.487,12.772,1.372,15.018
1861-05-01,10.516,15.401,3.858,15.489
1861-06-01,13.017,19.299,7.391,16.358
1861-07-01,13.967,19.37,7.803,16.547
1861-08-01,13.656,18.907,7.563,16.716
1861-09-01,11.409,17.769,5.988,15.927
1861-10-01,8.475,15.644,3.277,14.905
1861-11-01,5.707,12.044,0.41,14.095
1861-12-01,2.894,8.945,-2.191,13.337
1862-01-01,0.685,7.361,-4.11,12.658
1862-02-01,1.769,7.407,-4.346,13.192
1862-03-01,4.485,11.112,-1.314,14.044
1862-04-01,7.323,13.955,1.932,14.825
1862-05-01,10.739,17.854,5.675,15.708
1862-06-01,12.86,18.539,6.795,16.349
1862-07-01,13.928,20.663,9.21,16.593
1862-08-01,13.188,19.605,8.086,16.306
1862-09-01,11.028,18.042,6.123,15.788
1862-10-01,8.283,15.138,3.245,14.902
1862-11-01,4.792,11.889,0.244,13.784
1862-12-01,1.623,9.402,-1.747,12.732
1863-01-01,3.034,8.462,-1.766,13.296
1863-02-01,3.253,8.909,-2.11,13.634
1863-03-01,4.682,10.352,-0.853,14.006
1863-04-01,7.931,14.257,1.642,15.01
1863-05-01,11.081,16.999,5.917,15.823
1863-06-01,12.794,18.202,7.925,16.224
1863-07-01,13.765,18.095,8.307,16.575
1863-08-01,13.294,18.408,7.833,16.437
1863-09-01,11.23,15.91,5.439,15.898
1863-10-01,8.235,13.944,3.282,14.978
1863-11-01,5.392,11.351,0.175,13.992
1863-12-01,2.651,8.55,-2.586,13.356
1864-01-01,1.551,7.071,-3.848,12.879
1864-02-01,2.506,8.542,-2.856,13.275
1864-03-01,4.651,11.747,-0.725,13.99
1864-04-01,7.515,13.395,1.665,14.83
1864-05-01,10.956,16.908,4.849,15.851
1864-06-01,13.365,18.457,7.909,16.49
1864-07-01,14.162,18.831,7.413,16.715
1864-08-01,13.434,18.909,7.546,16.494
1864-09-01,11.37,17.063,5.721,15.85
1864-10-01,8.795,15.047,3.246,14.972
1864-11-01,5.232,12.502,0.665,14.141
1864-12-01,2.266,8.555,-2.663,13.271
1865-01-01,2.975,8.841,-3.212,13.503
1865-02-01,2.152,8.911,-3.117,13.506
1865-03-01,4.039,11.582,-0.592,13.914
1865-04-01,7.314,14.276,1.793,14.861
1865-05-01,10.917,16.968,4.874,15.756
1865-06-01,13.214,19.022,7.509,16.414
1865-07-01,14.22,19.108,8.163,16.749
1865-08-01,13.58,19.111,7.595,16.657
1865-09-01,11.797,17.841,5.789,16.082
1865-10-01,9.136,15.281,3.345,15.157
1865-11-01,6.144,12.418,0.992,14.101
1865-12-01,2.646,8.218,-2.517,13.26
1866-01-01,2.932,8.188,-2.923,13.467
1866-02-01,2.274,9.636,-2.053,13.586
1866-03-01,4.421,10.824,-0.881,13.95
1866-04-01,7.914,14.889,2.084,14.713
1866-05-01,10.898,16.817,4.582,15.63
1866-06-01,12.853,18.753,7.077,16.596
1866-07-01,14.602,20.369,8.183,17.06
1866-08-01,13.532,18.947,7.088,16.695
1866-09-01,11.527,17.508,5.807,15.918
1866-10-01,8.506,14.624,2.994,15.062
1866-11-01,5.895,10.76,0.182,14.275
1866-12-01,4.152,8.676,-2.953,13.732
1867-01-01,2.482,8.137,-3.308,13.371
1867-02-01,2.664,9.183,-2.172,13.458
1867-03-01,4.454,10.572,-1.195,14.073
1867-04-01,8.258,13.852,2.307,15.1
1867-05-01,10.495,16.21,4.665,15.56
1867-06-01,13.303,19.753,8.032,16.366
1867-07-01,14.223,20.032,8.387,16.672
1867-08-01,13.506,19.626,7.706,16.454
1867-09-01,11.763,17.566,5.911,16.147
1867-10-01,9.212,15.374,3.705,15.318
1867-11-01,6.939,11.143,-0.796,14.632
1867-12-01,3.937,8.313,-3.678,13.553
1868-01-01,1.834,7.611,-3.478,13.012
1868-02-01,2.039,8.817,-3.455,13.295
1868-03-01,4.538,11.411,-0.63,14.135
1868-04-01,8.183,13.316,1.138,15.082
1868-05-01,11.308,17.059,4.861,15.992
1868-06-01,13.162,19.005,7.203,16.529
1868-07-01,14.514,20.504,8.702,17.025
1868-08-01,13.744,19.818,8.121,16.793
1868-09-01,11.669,17.988,5.726,16.107
1868-10-01,9.448,14.925,3.086,15.376
1868-11-01,5.192,10.181,-0.35,14.174
1868-12-01,3.344,8.54,-2.488,13.643
1869-01-01,2.115,8.206,-3.173,13.289
1869-02-01,3.864,9.618,-2.406,13.951
1869-03-01,4.374,11.012,-1.312,13.947
1869-04-01,7.921,13.787,1.297,15.016
1869-05-01,11.295,17.279,4.382,15.896
1869-06-01,13.537,18.871,7.196,16.396
1869-07-01,14.337,19.825,7.732,16.667
1869-08-01,14.01,19.663,7.948,16.711
1869-09-01,12.247,17.561,5.377,16.18
1869-10-01,9.006,14.063,1.968,15.171
1869-11-01,5.773,10.418,-0.509,14.255
1869-12-01,2.706,8.531,-2.519,13.307
1870-01-01,2.082,8.527,-3.307,13.304
1870-02-01,2.134,8.544,-3.527,13.359
1870-03-01,4.656,9.692,-1.419,14.139
1870-04-01,7.879,14.287,1.57,15.052
1870-05-01,11.339,18.068,5.33,15.826
1870-06-01,13.653,19.531,7.793,16.511
1870-07-01,14.599,20.29,8.851,16.86
1870-08-01,13.484,19.318,7.974,16.617
1870-09-01,11.952,17.017,5.456,16.073
1870-10-01,8.81,14.188,2.848,15.056
1870-11-01,5.6,12.574,0.629,14.079
1870-12-01,2.228,8.485,-3.1,13.176
1871-01-01,1.447,7.962,-2.937,13.089
1871-02-01,1.736,8.782,-3.061,13.299
1871-03-01,4.685,11.047,-1.75,14.223
1871-04-01,8.34,13.97,1.89,15.233
1871-05-01,10.788,16.627,4.525,15.77
1871-06-01,13.08,19.127,7.47,16.458
1871-07-01,14.29,19.837,7.927,16.858
1871-08-01,13.932,19.812,7.898,16.653
1871-09-01,11.711,17.394,5.037,16.02
1871-10-01,9.096,14.697,2.891,15.061
1871-11-01,5.113,10.639,-0.317,13.972
1871-12-01,3.163,7.912,-3.677,13.435
1872-01-01,1.652,8.228,-3.228,13.041
1872-02-01,2.35,8.953,-3.26,13.376
1872-03-01,4.922,11.159,-2.156,14.107
1872-04-01,7.846,14.041,1.464,14.969
1872-05-01,11.198,17.369,5.046,15.927
1872-06-01,13.055,19.299,7.564,16.361
1872-07-01,14.285,19.705,7.884,16.843
1872-08-01,13.821,19.415,7.451,16.822
1872-09-01,11.958,17.718,5.938,16.173
1872-10-01,9.24,15.715,3.025,15.181
1872-11-01,5.372,11.293,-0.061,14.101
1872-12-01,2.627,8.526,-3.418,13.331
1873-01-01,2.013,8.285,-3.44,13.353
1873-02-01,3.195,8.591,-3.719,13.707
1873-03-01,4.704,11.105,-1.761,14.151
1873-04-01,7.462,13.983,1.069,14.879
1873-05-01,11.006,16.765,4.202,15.821
1873-06-01,13.405,19.006,6.783,16.429
1873-07-01,14.287,19.974,8.024,16.805
1873-08-01,13.755,19.241,7.447,16.726
1873-09-01,11.487,16.979,5.298,15.965
1873-10-01,9.234,14.431,2.386,15.13
1873-11-01,5.819,10.914,-0.812,14.094
1873-12-01,3.846,8.848,-2.628,13.531
1874-01-01,2.685,7.383,-3.764,13.392
1874-02-01,3.069,7.962,-3.23,13.458
1874-03-01,4.221,8.948,-1.942,13.807
1874-04-01,8.231,13.237,1.005,14.91
1874-05-01,11.306,16.969,4.667,15.75
1874-06-01,13.306,19.062,6.857,16.211
1874-07-01,14.122,19.82,7.488,16.745
1874-08-01,13.815,19.618,7.229,16.645
1874-09-01,12.111,17.704,5.632,16.122
1874-10-01,9.12,15.841,3.025,15.005
1874-11-01,5.809,10.563,-0.549,14.013
1874-12-01,3.407,9.495,-1.678,13.426
1875-01-01,1.533,6.679,-4.717,13.027
1875-02-01,2.259,7.522,-4.365,13.35
1875-03-01,4.256,10.673,-2.207,13.974
1875-04-01,7.636,13.759,1.174,14.923
1875-05-01,10.746,17.509,4.163,15.792
1875-06-01,13.157,19.603,6.497,16.358
1875-07-01,14.144,20.534,7.873,16.683
1875-08-01,13.401,20.053,7.327,16.638
1875-09-01,11.319,17.713,5.173,16.059
1875-10-01,8.585,14.754,2.205,15.125
1875-11-01,4.614,10.56,-1.351,13.905
1875-12-01,2.665,8.742,-2.402,13.229
1876-01-01,1.856,7.327,-3.325,13.1
1876-02-01,2.617,8.895,-3.095,13.496
1876-03-01,4.748,10.247,-1.711,14.047
1876-04-01,8.199,14.188,1.814,14.95
1876-05-01,10.69,16.783,4.728,15.57
1876-06-01,13.131,18.888,6.77,16.29
1876-07-01,14.319,19.855,7.891,16.848
1876-08-01,13.481,19.665,7.55,16.579
1876-09-01,11.687,17.667,5.687,15.89
1876-10-01,8.946,14.4,2.766,15.047
1876-11-01,5.093,10.498,-0.653,13.903
1876-12-01,2.194,8.805,-2.806,13.193
1877-01-01,2.286,8.079,-3.162,13.306
1877-02-01,2.928,9.755,-2.357,13.732
1877-03-01,5.297,10.782,-1.478,14.459
1877-04-01,8.039,13.827,2.032,15.126
1877-05-01,11.056,16.802,5.022,15.854
1877-06-01,13.384,19.257,6.875,16.594
1877-07-01,14.642,20.733,8.18,17.004
1877-08-01,14.151,20.643,7.786,17.076
1877-09-01,12.075,17.931,5.967,16.437
1877-10-01,9.273,14.324,2.704,15.536
1877-11-01,6.348,11.54,0.789,14.564
1877-12-01,2.996,9.491,-0.575,13.704
1878-01-01,2.017,8.278,-3.083,13.538
1878-02-01,3.728,9.483,-1.714,14.177
1878-03-01,6.608,12.343,0.361,14.882
1878-04-01,8.899,15.041,2.963,15.573
1878-05-01,11.017,16.946,5.09,16.016
1878-06-01,13.796,19.356,7.461,16.711
1878-07-01,14.742,20.299,8.582,16.999
1878-08-01,14.094,20.308,8.074,16.905
1878-09-01,12.093,17.827,6.1,16.267
1878-10-01,9.173,15.255,3.506,15.307
1878-11-01,6.446,12.502,0.686,14.388
1878-12-01,3.344,9.268,-2.246,13.526
1879-01-01,2.303,8.558,-3.311,13.349
1879-02-01,2.737,8.69,-3.081,13.63
1879-03-01,4.924,10.686,-1.389,14.34
1879-04-01,7.768,14.201,1.986,14.987
1879-05-01,10.803,16.752,4.536,15.807
1879-06-01,13.23,19.022,7.018,16.501
1879-07-01,14.238,19.637,7.64,16.746
1879-08-01,13.245,19.125,7.29,16.635
1879-09-01,11.449,17.652,5.542,16.007
1879-10-01,9.229,14.744,2.747,15.25
1879-11-01,5.526,11.549,-0.5,14.203
1879-12-01,2.538,8.173,-3.531,13.318
1880-01-01,1.755,7.883,-3.37,13.129
1880-02-01,2.052,7.957,-3.767,13.407
1880-03-01,4.63,10.655,-1.814,14.273
1880-04-01,7.559,14.082,1.298,15.008
1880-05-01,11.096,16.917,4.877,15.85
1880-06-01,13.327,19.29,6.597,16.4
1880-07-01,14.141,20.037,7.852,16.687
1880-08-01,13.807,19.502,7.555,16.695
1880-09-01,11.386,17.558,5.84,15.918
1880-10-01,8.673,14.567,2.896,15.024
1880-11-01,5.893,10.826,-0.654,14.233
1880-12-01,3.106,7.687,-2.657,13.48
1881-01-01,2.461,7.344,-3.687,13.396
1881-02-01,2.626,8.594,-2.813,13.625
1881-03-01,5.01,10.926,-1.131,14.355
1881-04-01,8.323,14.297,2.291,15.267
1881-05-01,11.165,17.283,5.263,15.999
1881-06-01,12.745,18.946,6.801,16.329
1881-07-01,14.203,20.295,8.334,16.783
1881-08-01,13.71,19.879,8.047,16.665
1881-09-01,11.689,17.43,5.876,15.982
1881-10-01,8.851,14.232,2.936,15.115
1881-11-01,5.272,10.781,-0.203,14.019
1881-12-01,3.196,8.598,-2.597,13.511
1882-01-01,2.99,8.392,-3.022,13.632
1882-02-01,3.231,8.754,-3.067,13.843
1882-03-01,5.04,10.794,-1.411,14.339
1882-04-01,7.691,13.713,1.752,15.031
1882-05-01,10.888,16.83,4.887,15.816
1882-06-01,12.805,18.941,7.032,16.356
1882-07-01,13.747,19.773,7.965,16.634
1882-08-01,13.703,19.832,7.836,16.678
1882-09-01,11.736,17.769,5.891,16.108
1882-10-01,8.445,14.596,2.784,15.022
1882-11-01,5.066,11.404,-0.581,14.033
1882-12-01,2.205,8.573,-2.795,13.187
1883-01-01,1.46,7.064,-4.519,13.106
1883-02-01,1.856,7.54,-4.303,13.358
1883-03-01,4.929,10.123,-2.094,14.236
1883-04-01,7.691,13.967,1.468,14.916
1883-05-01,10.832,16.898,4.793,15.825
1883-06-01,13.302,20.049,7.303,16.512
1883-07-01,14.011,20.457,7.719,16.664
1883-08-01,13.224,19.591,7.464,16.538
1883-09-01,11.343,17.663,5.299,15.956
1883-10-01,8.909,14.621,2.671,15.054
1883-11-01,4.905,10.987,-0.436,13.943
1883-12-01,3.261,8.587,-2.803,13.451
1884-01-01,2.12,7.567,-4.118,13.279
1884-02-01,2.474,8.292,-3.841,13.6
1884-03-01,3.892,10.552,-2.444,13.914
1884-04-01,7.186,13.58,0.699,14.744
1884-05-01,10.198,16.466,3.989,15.558
1884-06-01,12.527,18.787,6.362,16.185
1884-07-01,13.622,19.569,7.468,16.434
1884-08-01,13.257,19.318,7.251,16.408
1884-09-01,11.235,17.365,5.365,15.826
1884-10-01,8.581,14.304,2.587,14.954
1884-11-01,5.164,10.464,-0.991,13.827
1884-12-01,3.028,8.041,-2.554,13.27
1885-01-01,1.003,6.421,-4.621,12.889
1885-02-01,2.243,8.247,-3.438,13.327
1885-03-01,4.622,10.56,-2.023,14.021
1885-04-01,7.336,13.483,1.352,14.747
1885-05-01,10.567,16.704,4.202,15.565
1885-06-01,12.716,18.762,6.492,16.105
1885-07-01,13.972,20.205,7.628,16.601
1885-08-01,13.351,19.889,7.087,16.438
1885-09-01,11.435,17.317,5.28,15.907
1885-10-01,8.722,14.707,2.547,15.054
1885-11-01,5.425,11.488,-0.476,14.057
1885-12-01,3.644,9.156,-1.539,13.542
1886-01-01,1.436,7.023,-3.755,13.001
1886-02-01,1.793,8.015,-3.884,13.176
1886-03-01,4.262,10.568,-2.188,13.888
1886-04-01,7.909,14.085,1.367,14.841
1886-05-01,10.784,17.196,4.422,15.837
1886-06-01,12.789,19.145,6.56,16.197
1886-07-01,14.226,20.004,8.055,16.622
1886-08-01,13.323,19.344,7.449,16.458
1886-09-01,11.6,17.419,5.62,15.831
1886-10-01,8.604,14.735,2.58,14.979
1886-11-01,5.226,11.208,-0.71,13.877
1886-12-01,3.502,8.616,-1.862,13.316
1887-01-01,0.824,6.864,-4.678,12.62
1887-02-01,2.054,8.143,-4.047,13.096
1887-03-01,4.552,10.828,-1.901,13.946
1887-04-01,7.789,13.936,1.524,14.941
1887-05-01,10.84,17.337,4.569,15.651
1887-06-01,12.89,18.431,6.514,16.214
1887-07-01,14.021,19.899,8.199,16.63
1887-08-01,13.097,19.177,7.391,16.372
1887-09-01,11.707,17.392,5.701,15.916
1887-10-01,8.738,14.716,2.531,14.983
1887-11-01,5.592,11.66,-0.264,14.037
1887-12-01,2.875,8.298,-2.656,13.386
1888-01-01,1.708,6.686,-4.299,13.132
1888-02-01,2.039,7.898,-3.555,13.32
1888-03-01,4.3,10.491,-2.039,13.972
1888-04-01,7.845,13.884,1.66,14.938
1888-05-01,10.62,16.329,4.187,15.73
1888-06-01,12.921,18.897,6.476,16.36
1888-07-01,14.242,20.063,7.77,16.686
1888-08-01,13.511,19.36,7.288,16.611
1888-09-01,11.685,17.808,5.469,15.995
1888-10-01,9.201,14.783,2.951,15.318
1888-11-01,5.792,11.384,0.052,14.259
1888-12-01,3.222,9.327,-2.511,13.608
1889-01-01,1.762,7.377,-4.053,13.417
1889-02-01,3.409,8.814,-2.899,13.954
1889-03-01,5.299,11.628,-0.808,14.446
1889-04-01,8.589,14.392,2.502,15.305
1889-05-01,11.242,17.19,5.032,15.915
1889-06-01,13.288,19.314,7.196,16.498
1889-07-01,14.225,20.315,8.311,16.796
1889-08-01,13.504,19.732,7.615,16.604
1889-09-01,11.547,17.455,5.635,15.913
1889-10-01,8.865,14.902,2.608,15.116
1889-11-01,4.999,11.146,-0.567,13.996
1889-12-01,3.099,9.264,-2.395,13.401
1890-01-01,1.836,7.647,-4.24,13.068
1890-02-01,2.516,8.668,-3.764,13.394
1890-03-01,4.21,10.474,-2.171,13.891
1890-04-01,7.739,13.672,1.641,14.875
1890-05-01,10.464,16.865,3.943,15.624
1890-06-01,12.872,18.703,6.707,16.25
1890-07-01,14.034,19.718,7.857,16.528
1890-08-01,13.266,19.325,7.147,16.427
1890-09-01,11.546,17.266,5.494,15.842
1890-10-01,9.178,14.747,3.367,15.02
1890-11-01,5.03,11.451,-1.043,13.803
1890-12-01,2.969,8.611,-2.729,13.367
1891-01-01,1.678,7.589,-4.011,13.037
1891-02-01,1.88,8.122,-4.465,13.298
1891-03-01,4.755,10.629,-1.449,14.191
1891-04-01,7.618,13.979,1.182,14.918
1891-05-01,10.785,16.645,4.317,15.844
1891-06-01,12.888,18.588,6.635,16.297
1891-07-01,13.93,19.849,7.818,16.62
1891-08-01,13.496,19.472,7.29,16.549
1891-09-01,11.763,17.649,5.704,16.07
1891-10-01,8.722,15.042,2.764,15.023
1891-11-01,5.115,11.033,-0.781,13.92
1891-12-01,3.602,9.803,-2.138,13.559
1892-01-01,2.018,7.683,-3.93,13.264
1892-02-01,2.805,9.078,-3.253,13.667
1892-03-01,4.362,10.752,-1.931,13.979
1892-04-01,7.562,13.802,1.205,14.804
1892-05-01,10.622,16.578,4.426,15.655
1892-06-01,13.263,19.003,6.86,16.303
1892-07-01,13.89,19.82,7.917,16.476
1892-08-01,13.42,19.264,7.448,16.39
1892-09-01,11.764,17.858,5.552,15.998
1892-10-01,9.29,15.08,3.347,15.126
1892-11-01,4.859,10.432,-1.014,13.732
1892-12-01,2.935,8.297,-2.847,13.196
1893-01-01,0.5,5.9,-5.345,12.702
1893-02-01,1.654,7.616,-4.558,13.23
1893-03-01,4.979,11.066,-1.252,14.111
1893-04-01,7.994,13.697,1.582,14.871
1893-05-01,10.747,16.812,4.489,15.662
1893-06-01,13.051,18.981,6.781,16.382
1893-07-01,14.318,20.005,8.102,16.788
1893-08-01,13.454,19.448,7.322,16.65
1893-09-01,11.767,17.799,5.599,15.932
1893-10-01,9.16,15.185,3.099,15.152
1893-11-01,5.902,11.701,-0.143,14.079
1893-12-01,3.155,9.03,-2.79,13.388
1894-01-01,1.691,7.41,-4.039,13.039
1894-02-01,2.923,8.898,-3.028,13.455
1894-03-01,5.118,11.086,-1.093,14.08
1894-04-01,7.663,13.793,1.472,14.794
1894-05-01,10.944,16.929,4.611,15.656
1894-06-01,12.858,18.782,6.603,16.226
1894-07-01,14.004,19.851,7.788,16.687
1894-08-01,13.488,19.326,7.364,16.565
1894-09-01,11.58,17.425,5.503,15.927
1894-10-01,9.125,15.042,2.997,15.165
1894-11-01,5.405,11.187,-0.491,14.036
1894-12-01,3.133,8.757,-2.202,13.347
1895-01-01,1.295,6.961,-4.319,13.084
1895-02-01,2,8.18,-4.026,13.303
1895-03-01,4.689,10.838,-1.594,13.989
1895-04-01,8.247,14.509,1.915,15.005
1895-05-01,10.867,16.892,4.639,15.703
1895-06-01,13.058,19.059,6.905,16.352
1895-07-01,14.053,19.614,7.875,16.716
1895-08-01,13.489,19.471,7.167,16.612
1895-09-01,11.743,17.597,5.687,15.981
1895-10-01,9.117,15.159,2.878,15.151
1895-11-01,5.744,11.42,-0.011,14.219
1895-12-01,3.462,9.232,-2.206,13.513
1896-01-01,2.291,7.924,-3.408,13.366
1896-02-01,2.707,8.447,-3.367,13.576
1896-03-01,4.279,10.469,-1.868,14.047
1896-04-01,7.33,13.586,1.225,14.895
1896-05-01,10.893,17.01,4.626,15.817
1896-06-01,13.304,19.34,6.863,16.515
1896-07-01,14.233,19.886,8.087,16.866
1896-08-01,13.624,19.572,7.275,16.762
1896-09-01,11.824,17.727,5.561,16.143
1896-10-01,9.416,15.35,3.212,15.27
1896-11-01,5.366,11.173,-0.469,14.187
1896-12-01,3.312,8.811,-2.36,13.643
1897-01-01,1.893,7.412,-3.573,13.312
1897-02-01,2.429,8.148,-3.519,13.555
1897-03-01,4.345,10.442,-2.123,14.152
1897-04-01,8.278,14.293,1.74,15.217
1897-05-01,11.377,17.251,5.068,16.02
1897-06-01,13.319,19.445,7.226,16.505
1897-07-01,14.31,20.297,8.312,16.783
1897-08-01,13.668,19.753,7.592,16.676
1897-09-01,11.925,17.918,5.901,16.068
1897-10-01,9.197,15.166,3.279,15.168
1897-11-01,5.608,11.616,-0.197,14.047
1897-12-01,3.171,8.5,-2.177,13.401
1898-01-01,2.737,8.35,-2.885,13.396
1898-02-01,2.354,8.239,-3.651,13.364
1898-03-01,3.751,10.174,-2.657,13.749
1898-04-01,7.907,14.459,1.49,14.868
1898-05-01,10.835,17.056,4.498,15.621
1898-06-01,13.395,19.452,7.067,16.393
1898-07-01,14.138,20.145,8.039,16.627
1898-08-01,13.579,19.628,7.657,16.512
1898-09-01,11.753,17.702,5.902,15.914
1898-10-01,8.828,14.69,2.831,14.915
1898-11-01,5.452,11.444,-0.359,13.933
1898-12-01,3.407,9.443,-2.096,13.351
1899-01-01,2.515,8.443,-3.262,13.306
1899-02-01,2.38,8.17,-3.442,13.399
1899-03-01,4.618,10.635,-1.567,14.003
1899-04-01,8.281,14.438,2.074,15.026
1899-05-01,11.023,17.132,4.967,15.836
1899-06-01,12.856,18.799,6.872,16.243
1899-07-01,14.159,20.168,7.953,16.689
1899-08-01,13.777,19.598,7.646,16.746
1899-09-01,12.128,18.223,5.974,16.178
1899-10-01,9.409,15.317,3.551,15.287
1899-11-01,6.605,12.417,1.063,14.455
1899-12-01,3.005,8.639,-2.668,13.412
1/1/1900,1.461,7.193,-4.102,13.142
2/1/1900,3.098,9.181,-2.814,13.777
3/1/1900,5.492,11.377,-0.68,14.4
4/1/1900,8.223,13.972,2.131,15.17
5/1/1900,11.385,17.415,5.179,15.955
6/1/1900,13.293,19.434,7.112,16.515
7/1/1900,14.171,19.897,8.095,16.785
8/1/1900,13.816,19.85,7.892,16.699
9/1/1900,11.955,17.818,5.967,16.124
10/1/1900,9.666,15.544,3.833,15.373
11/1/1900,5.804,11.527,0.121,14.189
12/1/1900,3.655,9.466,-1.826,13.598
1/1/1901,2.191,7.996,-3.491,13.29
2/1/1901,3.092,9.038,-2.678,13.66
3/1/1901,5.671,11.476,-0.644,14.383
4/1/1901,8.522,14.733,2.264,15.22
5/1/1901,11.178,17.315,4.855,15.936
6/1/1901,13.423,19.315,7.151,16.441
7/1/1901,14.339,20.34,8.161,16.718
8/1/1901,13.789,19.898,7.66,16.663
9/1/1901,11.984,17.929,5.819,16.001
10/1/1901,9.003,15.002,2.998,15.087
11/1/1901,5.976,12.043,0.071,14.101
12/1/1901,3.335,9.061,-2.28,13.38
1/1/1902,2.684,8.797,-3.031,13.302
2/1/1902,3.606,9.814,-2.504,13.691
3/1/1902,4.883,11.166,-1.339,14.1
4/1/1902,7.956,13.884,1.562,14.958
5/1/1902,10.893,16.986,4.587,15.719
6/1/1902,13.214,19.338,6.894,16.284
7/1/1902,14.231,20.2,7.965,16.69
8/1/1902,13.599,19.884,7.449,16.591
9/1/1902,11.799,17.897,5.555,16.032
10/1/1902,8.801,14.811,2.759,14.991
11/1/1902,5.274,11.159,-0.46,13.902
12/1/1902,2.713,8.435,-2.992,13.24
1/1/1903,2.514,8.415,-3.187,13.275
2/1/1903,3.555,9.297,-2.49,13.668
3/1/1903,4.93,10.963,-1.158,14.05
4/1/1903,7.832,13.958,1.698,14.801
5/1/1903,10.794,16.672,4.587,15.645
6/1/1903,12.886,18.897,6.723,16.161
7/1/1903,13.992,19.787,7.87,16.496
8/1/1903,13.412,19.298,7.558,16.304
9/1/1903,11.501,17.356,5.642,15.771
10/1/1903,8.812,14.634,2.895,14.835
11/1/1903,5.516,11.219,-0.051,13.828
12/1/1903,2.898,8.533,-2.687,13.205
1/1/1904,1.637,7.082,-3.86,12.957
2/1/1904,2.297,8.507,-3.583,13.154
3/1/1904,4.506,10.559,-1.575,13.859
4/1/1904,7.684,13.823,1.428,14.755
5/1/1904,10.84,16.922,4.641,15.573
6/1/1904,13.014,19.092,6.778,16.207
7/1/1904,13.836,19.678,7.777,16.525
8/1/1904,13.459,19.525,7.462,16.403
9/1/1904,11.381,17.465,5.361,15.768
10/1/1904,8.833,14.902,3.133,14.947
11/1/1904,6.23,11.997,0.558,14.144
12/1/1904,3.374,9.212,-2.067,13.433
1/1/1905,2.254,8.017,-3.324,13.205
2/1/1905,1.927,7.735,-3.951,13.206
3/1/1905,4.635,10.466,-1.308,14.035
4/1/1905,7.755,13.622,1.493,14.857
5/1/1905,10.982,16.946,4.819,15.788
6/1/1905,13.112,19.11,6.944,16.379
7/1/1905,14.077,19.877,8.038,16.651
8/1/1905,13.578,19.619,7.72,16.558
9/1/1905,11.804,17.684,5.928,16.004
10/1/1905,9.041,14.866,3.117,15.091
11/1/1905,6.183,11.984,0.574,14.232
12/1/1905,3.354,9.06,-1.931,13.45
1/1/1906,2.068,8.086,-3.637,13.25
2/1/1906,2.301,8.125,-3.343,13.502
3/1/1906,4.866,11.008,-1.229,14.245
4/1/1906,8.626,14.786,2.422,15.23
5/1/1906,11.24,17.146,4.922,15.769
6/1/1906,13.334,19.287,7.275,16.436
7/1/1906,14.122,20.058,8.186,16.662
8/1/1906,13.691,19.539,7.843,16.593
9/1/1906,11.772,17.522,5.884,15.95
10/1/1906,9.267,14.943,3.479,15.152
11/1/1906,5.501,11.17,-0.301,14.054
12/1/1906,3.761,9.258,-1.664,13.54
1/1/1907,1.798,7.903,-3.867,13.108
2/1/1907,2.117,7.993,-3.603,13.257
3/1/1907,4.575,10.61,-1.6,14.15
4/1/1907,7.579,13.401,1.521,14.918
5/1/1907,10.375,16.335,4.084,15.602
6/1/1907,12.729,18.576,6.509,16.253
7/1/1907,13.769,19.626,7.761,16.596
8/1/1907,13.362,19.187,7.465,16.456
9/1/1907,11.665,17.443,5.59,15.902
10/1/1907,9.234,15.079,3.32,15.159
11/1/1907,5.207,10.71,-0.557,13.872
12/1/1907,2.956,8.831,-2.585,13.225
1/1/1908,2.304,8.118,-3.548,13.16
2/1/1908,2.769,8.527,-3.177,13.441
3/1/1908,4.136,10.384,-2.101,13.783
4/1/1908,7.832,13.853,1.735,14.801
5/1/1908,11.141,16.958,4.86,15.757
6/1/1908,13.293,19.063,6.902,16.289
7/1/1908,14.197,19.748,8.113,16.618
8/1/1908,13.376,19.359,7.499,16.365
9/1/1908,11.977,17.781,5.977,15.93
10/1/1908,8.865,14.675,2.948,14.883
11/1/1908,5.272,11.098,-0.576,13.842
12/1/1908,3.071,8.901,-2.535,13.189
1/1/1909,1.395,7.121,-4.298,12.839
2/1/1909,2.706,8.571,-3.447,13.35
3/1/1909,4.589,10.659,-1.677,13.852
4/1/1909,7.534,13.426,1.395,14.719
5/1/1909,10.611,16.668,4.38,15.6
6/1/1909,12.962,18.71,6.766,16.191
7/1/1909,14.06,19.787,8.05,16.437
8/1/1909,13.752,19.625,7.753,16.496
9/1/1909,11.879,17.891,5.778,15.849
10/1/1909,9.192,15.139,3.221,14.941
11/1/1909,6.236,11.959,0.323,13.993
12/1/1909,3.223,8.763,-2.353,13.217
1/1/1910,2.333,8.095,-3.27,13.139
2/1/1910,2.779,8.388,-3.226,13.317
3/1/1910,4.606,10.781,-1.675,13.872
4/1/1910,8.105,14.37,1.704,14.845
5/1/1910,11.005,17.03,4.675,15.712
6/1/1910,13.151,19.027,6.871,16.264
7/1/1910,14.279,19.952,8.205,16.543
8/1/1910,13.677,19.425,7.606,16.477
9/1/1910,11.733,17.623,5.669,15.875
10/1/1910,9.006,14.905,2.986,15.019
11/1/1910,5.318,11.072,-0.654,13.75
12/1/1910,2.684,8.5,-2.999,13.016
1/1/1911,1.66,7.133,-3.969,12.908
2/1/1911,2.453,8.15,-3.664,13.164
3/1/1911,4.347,10.362,-1.743,13.752
4/1/1911,7.99,14.081,1.856,14.716
5/1/1911,10.829,16.71,4.632,15.497
6/1/1911,13.009,19.091,6.778,16.108
7/1/1911,14.082,19.987,8.053,16.431
8/1/1911,13.499,19.396,7.607,16.387
9/1/1911,11.638,17.491,5.723,15.799
10/1/1911,9.263,14.99,3.401,15.063
11/1/1911,5.964,11.652,0.309,14.062
12/1/1911,3.39,8.811,-1.981,13.425
1/1/1912,2.402,7.911,-3.305,13.249
2/1/1912,3.354,9.379,-2.718,13.595
3/1/1912,4.356,10.725,-1.981,13.995
4/1/1912,8.229,14.069,2.091,15.065
5/1/1912,11.254,17.389,4.992,15.813
6/1/1912,13.435,19.351,7.166,16.397
7/1/1912,13.723,19.729,7.916,16.509
8/1/1912,13.053,19.027,7.277,16.309
9/1/1912,11.222,17.435,5.227,15.685
10/1/1912,8.367,14.133,2.497,14.751
11/1/1912,5.521,11.185,-0.291,13.928
12/1/1912,3.069,8.307,-2.459,13.23
1/1/1913,2.083,7.655,-3.657,13.066
2/1/1913,2.376,8.233,-3.485,13.344
3/1/1913,4.517,10.4,-1.597,13.953
4/1/1913,8.023,14.219,1.91,14.957
5/1/1913,10.745,16.815,4.652,15.679
6/1/1913,13.005,19.075,6.667,16.216
7/1/1913,14.137,20.256,7.967,16.552
8/1/1913,13.724,19.805,7.735,16.496
9/1/1913,11.759,17.833,5.629,15.867
10/1/1913,9.077,14.904,3.091,15.028
11/1/1913,6.024,11.67,0.347,14.123
12/1/1913,4.103,9.556,-1.43,13.624
1/1/1914,3.376,8.822,-2.334,13.545
2/1/1914,3.2,8.502,-2.551,13.576
3/1/1914,4.942,11.039,-1.31,14.103
4/1/1914,8.098,14.051,1.888,15.018
5/1/1914,11.285,17.199,5.233,15.857
6/1/1914,13.496,19.335,7.219,16.421
7/1/1914,14.298,20.065,8.182,16.653
8/1/1914,13.73,19.692,7.87,16.692
9/1/1914,11.915,17.747,5.866,16.075
10/1/1914,9.387,15.271,3.567,15.223
11/1/1914,5.759,11.287,0.239,14.155
12/1/1914,3.6,8.764,-1.624,13.597
1/1/1915,2.299,7.901,-3.416,13.32
2/1/1915,3.265,8.931,-2.52,13.675
3/1/1915,5.143,11.024,-1.115,14.32
4/1/1915,8.705,14.607,2.755,15.292
5/1/1915,11.493,17.141,5.371,16.067
6/1/1915,13.3,19.189,7.154,16.445
7/1/1915,14.443,20.553,8.455,16.817
8/1/1915,13.77,19.997,7.758,16.802
9/1/1915,11.867,17.811,6.038,16.102
10/1/1915,8.984,14.862,3.017,15.093
11/1/1915,6.216,12.159,0.297,14.254
12/1/1915,3.633,9.515,-2.069,13.538
1/1/1916,2.616,8.309,-2.927,13.294
2/1/1916,2.957,8.855,-3.024,13.581
3/1/1916,4.846,10.961,-1.584,14.121
4/1/1916,8.047,14.096,1.918,14.975
5/1/1916,10.972,17.084,4.794,15.779
6/1/1916,12.942,18.91,6.867,16.29
7/1/1916,14.052,20.012,8.184,16.599
8/1/1916,13.58,19.484,7.754,16.511
9/1/1916,11.726,17.634,5.725,15.927
10/1/1916,9.053,14.763,3.156,14.919
11/1/1916,5.596,11.22,-0.311,13.814
12/1/1916,2.316,7.838,-3.402,13.006
1/1/1917,2.133,7.848,-3.782,12.84
2/1/1917,2.36,8.334,-3.771,13.099
3/1/1917,4.488,10.552,-1.983,13.801
4/1/1917,7.855,13.932,1.689,14.815
5/1/1917,10.443,16.421,4.305,15.537
6/1/1917,12.915,18.889,6.792,16.239
7/1/1917,14.259,20.083,8.377,16.706
8/1/1917,13.471,19.568,7.545,16.58
9/1/1917,11.745,17.669,5.796,16.058
10/1/1917,8.544,14.426,2.64,14.942
11/1/1917,5.82,11.686,0.057,14.002
12/1/1917,2.247,7.703,-3.43,13.098
1/1/1918,1.934,7.552,-3.802,13.129
2/1/1918,2.455,8.256,-3.568,13.312
3/1/1918,4.811,10.704,-1.267,14.034
4/1/1918,7.644,13.706,1.426,14.794
5/1/1918,10.54,16.48,4.386,15.733
6/1/1918,12.908,18.731,6.772,16.306
7/1/1918,14.002,19.916,7.896,16.596
8/1/1918,13.431,19.326,7.492,16.552
9/1/1918,11.881,17.999,5.8,16.074
10/1/1918,9.433,15.332,3.578,15.252
11/1/1918,5.683,11.265,0.142,14.297
12/1/1918,2.848,8.266,-2.627,13.439
1/1/1919,2.184,7.649,-3.396,13.309
2/1/1919,2.852,8.627,-2.996,13.678
3/1/1919,4.743,10.714,-1.547,14.22
4/1/1919,8.487,14.412,2.441,15.253
5/1/1919,10.969,16.701,4.881,15.847
6/1/1919,13.228,19.017,7.102,16.375
7/1/1919,14.274,20.146,8.264,16.582
8/1/1919,13.786,19.804,7.842,16.498
9/1/1919,11.99,17.887,6.126,16.025
10/1/1919,9.361,15.005,3.522,15.117
11/1/1919,5.489,11.158,-0.431,13.914
12/1/1919,3.224,8.756,-2.395,13.263
1/1/1920,2.841,8.444,-2.942,13.257
2/1/1920,2.755,8.266,-3.109,13.347
3/1/1920,5.227,11.034,-0.782,14.25
4/1/1920,8.293,14.141,2.164,15.079
5/1/1920,11.131,17.145,5.126,15.855
6/1/1920,13.105,18.9,7.057,16.415
7/1/1920,14.245,20.121,8.299,16.693
8/1/1920,13.698,19.647,7.772,16.626
9/1/1920,11.794,17.81,5.85,16.117
10/1/1920,9.021,14.852,3.1,15.206
11/1/1920,5.566,11.127,-0.123,14.159
12/1/1920,2.629,8.225,-3.063,13.311
1/1/1921,2.98,8.737,-2.709,13.439
2/1/1921,3.125,9.17,-2.816,13.622
3/1/1921,5.081,10.928,-0.931,14.128
4/1/1921,8.324,14.327,2.252,15.005
5/1/1921,11.245,17.255,5.152,15.826
6/1/1921,13.44,19.36,7.384,16.49
7/1/1921,14.436,20.42,8.424,16.783
8/1/1921,13.561,19.468,7.601,16.618
9/1/1921,11.869,17.785,5.996,16.166
10/1/1921,9.264,15.124,3.446,15.285
11/1/1921,5.864,11.362,0.2,14.236
12/1/1921,3.663,9.157,-1.874,13.627
1/1/1922,2.15,7.603,-3.428,13.177
2/1/1922,2.376,8.234,-3.684,13.453
3/1/1922,5.156,11.248,-1.188,14.245
4/1/1922,8.38,14.521,2.156,15.168
5/1/1922,11.097,16.912,4.983,15.778
6/1/1922,13.331,19.153,7.266,16.406
7/1/1922,14.278,20.098,8.241,16.745
8/1/1922,13.584,19.475,7.599,16.532
9/1/1922,11.775,17.661,5.754,15.981
10/1/1922,9.056,14.975,3.134,15.043
11/1/1922,6.046,11.615,0.232,14.117
12/1/1922,3.667,8.968,-1.865,13.503
1/1/1923,2.487,8.21,-3.195,13.24
2/1/1923,2.563,8.298,-3.172,13.358
3/1/1923,4.866,10.786,-1.256,14.049
4/1/1923,7.749,13.64,1.602,14.959
5/1/1923,10.849,16.825,4.79,15.724
6/1/1923,13.296,19.056,7.139,16.452
7/1/1923,13.984,19.81,8.012,16.628
8/1/1923,13.611,19.445,7.645,16.54
9/1/1923,11.883,17.783,5.816,15.992
10/1/1923,9.52,15.188,3.523,15.249
11/1/1923,6.378,11.871,0.474,14.404
12/1/1923,3.88,9.269,-1.903,13.739
1/1/1924,2.339,7.912,-3.502,13.303
2/1/1924,2.888,8.609,-3.025,13.585
3/1/1924,5.352,11.24,-0.806,14.325
4/1/1924,7.97,13.857,1.722,15.081
5/1/1924,11.188,17.185,4.905,15.918
6/1/1924,13.342,19.195,7.085,16.461
7/1/1924,14.304,20.057,8.161,16.724
8/1/1924,13.654,19.519,7.585,16.556
9/1/1924,11.957,17.783,6.024,16.003
10/1/1924,9.203,14.896,3.29,15.042
11/1/1924,6.4,11.794,0.656,14.132
12/1/1924,3.485,8.639,-2.021,13.342
1/1/1925,2.268,7.484,-3.179,13.157
2/1/1925,2.701,8.51,-3.314,13.361
3/1/1925,5.126,11.133,-1.14,14.155
4/1/1925,8.442,14.538,2.178,15.011
5/1/1925,11.039,17.032,4.828,15.855
6/1/1925,13.089,19.041,6.883,16.413
7/1/1925,14.066,19.971,8.047,16.74
8/1/1925,13.769,19.737,7.724,16.716
9/1/1925,11.979,17.874,6.008,16.14
10/1/1925,9.196,14.889,3.287,15.221
11/1/1925,6.34,11.912,0.646,14.418
12/1/1925,4.398,10.011,-1.47,13.897
1/1/1926,3.453,8.785,-2.222,13.739
2/1/1926,3.717,9.503,-2.307,13.842
3/1/1926,5.831,11.593,-0.234,14.536
4/1/1926,8.193,14.095,2.006,15.214
5/1/1926,10.931,16.688,4.806,15.932
6/1/1926,13.285,19.214,7.079,16.581
7/1/1926,14.168,19.998,8.058,16.766
8/1/1926,13.877,19.695,7.916,16.8
9/1/1926,12.075,17.816,6.15,16.222
10/1/1926,9.55,15.474,3.601,15.372
11/1/1926,6.3,11.936,0.618,14.351
12/1/1926,3.366,8.63,-2.248,13.538
1/1/1927,2.372,7.935,-3.512,13.323
2/1/1927,3.039,8.67,-2.866,13.65
3/1/1927,4.668,10.565,-1.495,14.084
4/1/1927,8.035,14.007,1.852,15.045
5/1/1927,11.104,16.998,4.873,15.873
6/1/1927,13.272,19.136,7.106,16.444
7/1/1927,14.323,20.237,8.284,16.812
8/1/1927,13.698,19.529,7.697,16.742
9/1/1927,12.254,18.109,6.26,16.224
10/1/1927,9.887,15.627,4.02,15.435
11/1/1927,6.346,12.072,0.596,14.342
12/1/1927,3.267,8.689,-2.392,13.493
1/1/1928,3.046,8.291,-2.631,13.637
2/1/1928,3.333,9.04,-2.609,13.722
3/1/1928,4.959,10.892,-1.247,14.229
4/1/1928,8.244,14.193,2.046,15.126
5/1/1928,11.169,17.06,4.981,15.88
6/1/1928,13.113,18.856,7.045,16.355
7/1/1928,14.31,20.005,8.189,16.796
8/1/1928,13.687,19.522,7.798,16.7
9/1/1928,12.03,17.981,6.02,16.066
10/1/1928,9.486,15.387,3.549,15.232
11/1/1928,6.336,11.933,0.629,14.276
12/1/1928,3.873,9.186,-1.751,13.568
1/1/1929,2.054,7.48,-3.66,13.137
2/1/1929,2.172,7.838,-3.883,13.241
3/1/1929,5.099,10.982,-1.131,14.079
4/1/1929,8.094,14.08,1.842,14.987
5/1/1929,10.915,16.906,4.784,15.716
6/1/1929,12.928,18.65,6.908,16.328
7/1/1929,13.957,19.652,8.012,16.59
8/1/1929,13.68,19.548,7.697,16.671
9/1/1929,11.807,17.598,5.926,16.092
10/1/1929,9.46,15.217,3.686,15.248
11/1/1929,6.172,11.757,0.377,14.313
12/1/1929,2.571,7.769,-2.945,13.207
1/1/1930,2.401,7.67,-3.169,13.26
2/1/1930,3.152,8.9,-2.852,13.54
3/1/1930,5.483,11.539,-0.571,14.326
4/1/1930,8.182,14.017,2.072,15.081
5/1/1930,11.105,16.87,5.016,15.911
6/1/1930,13.347,19.071,7.295,16.473
7/1/1930,14.465,20.252,8.415,16.854
8/1/1930,13.928,19.803,7.996,16.791
9/1/1930,11.874,17.754,5.935,16.25
10/1/1930,9.261,14.941,3.587,15.355
11/1/1930,6.574,12.032,0.892,14.505
12/1/1930,3.831,9.066,-1.736,13.724
1/1/1931,2.761,8.059,-2.897,13.529
2/1/1931,2.708,8.218,-3.123,13.621
3/1/1931,5.22,11.194,-1.006,14.347
4/1/1931,8.163,14.079,2.025,15.116
5/1/1931,11.02,16.805,4.951,15.872
6/1/1931,13.573,19.419,7.489,16.63
7/1/1931,14.576,20.399,8.665,16.967
8/1/1931,14.12,19.961,8.189,16.887
9/1/1931,12.283,18.078,6.485,16.294
10/1/1931,9.937,15.718,4.073,15.448
11/1/1931,6.243,11.63,0.545,14.317
12/1/1931,4.027,9.477,-1.573,13.711
1/1/1932,3.604,9.159,-2.054,13.687
2/1/1932,2.989,8.797,-3.23,13.658
3/1/1932,4.94,10.934,-1.164,14.252
4/1/1932,8.769,14.644,2.599,15.335
5/1/1932,11.239,16.865,5.225,16.018
6/1/1932,13.383,19.114,7.258,16.504
7/1/1932,14.372,20.093,8.416,16.846
8/1/1932,13.74,19.5,7.917,16.68
9/1/1932,12.31,18.216,6.34,16.263
10/1/1932,9.682,15.424,3.9,15.28
11/1/1932,5.908,11.551,0.014,14.175
12/1/1932,3.527,8.888,-2.071,13.558
1/1/1933,2.169,7.379,-3.453,13.26
2/1/1933,2.657,8.351,-3.318,13.506
3/1/1933,4.869,10.774,-1.27,14.131
4/1/1933,8.125,14.046,2.003,15.043
5/1/1933,11.047,16.845,4.988,15.823
6/1/1933,13.11,19.036,7.001,16.337
7/1/1933,14.236,20.037,8.295,16.704
8/1/1933,13.76,19.635,7.858,16.701
9/1/1933,11.854,17.631,6.055,16.024
10/1/1933,9.238,15.172,3.374,15.143
11/1/1933,5.89,11.578,0.093,14.131
12/1/1933,3.104,8.456,-2.533,13.352
1/1/1934,2.476,7.995,-3.131,13.276
2/1/1934,3.699,9.504,-2.191,13.701
3/1/1934,4.818,10.835,-1.382,14.072
4/1/1934,8.016,13.996,1.853,15.02
5/1/1934,11.478,17.533,5.26,15.951
6/1/1934,13.402,19.183,7.422,16.578
7/1/1934,14.343,20.14,8.472,16.851
8/1/1934,13.778,19.534,8.01,16.74
9/1/1934,11.727,17.505,5.899,16.128
10/1/1934,9.421,15.371,3.629,15.332
11/1/1934,6.397,11.736,0.978,14.412
12/1/1934,3.985,9.279,-1.62,13.673
1/1/1935,2.175,7.737,-3.618,13.299
2/1/1935,4.125,9.944,-1.717,13.857
3/1/1935,5.399,11.343,-0.802,14.269
4/1/1935,7.771,13.81,1.551,15.013
5/1/1935,10.906,16.88,4.755,15.848
6/1/1935,13.326,19.1,7.193,16.504
7/1/1935,14.331,20.173,8.438,16.848
8/1/1935,13.775,19.657,7.831,16.715
9/1/1935,11.999,17.896,6.042,16.143
10/1/1935,9.516,15.379,3.7,15.311
11/1/1935,5.443,10.849,-0.23,14.069
12/1/1935,3.423,8.675,-2.09,13.55
1/1/1936,2.249,7.806,-3.53,13.26
2/1/1936,2.506,8.253,-3.458,13.533
3/1/1936,5.031,11.032,-1.154,14.206
4/1/1936,8.127,14.082,1.976,15.089
5/1/1936,11.251,17.076,5.23,15.935
6/1/1936,13.363,19.171,7.288,16.524
7/1/1936,14.629,20.443,8.704,16.928
8/1/1936,13.86,19.691,7.929,16.811
9/1/1936,12.021,17.91,6.064,16.191
10/1/1936,9.457,15.316,3.658,15.412
11/1/1936,6.233,11.814,0.407,14.338
12/1/1936,3.921,9.181,-1.441,13.767
1/1/1937,2.453,7.879,-3.216,13.417
2/1/1937,3.553,9.237,-2.387,13.904
3/1/1937,4.851,10.731,-1.413,14.276
4/1/1937,8.14,14.025,2.001,15.228
5/1/1937,11.422,17.358,5.169,16.051
6/1/1937,13.603,19.558,7.454,16.679
7/1/1937,14.375,20.154,8.41,17.054
8/1/1937,14.007,19.85,8.145,16.941
9/1/1937,12.413,18.377,6.419,16.402
10/1/1937,9.729,15.635,4.002,15.523
11/1/1937,6.356,11.913,0.612,14.447
12/1/1937,3.478,8.999,-2.196,13.684
1/1/1938,2.91,8.416,-2.597,13.596
2/1/1938,3.417,9.138,-2.518,13.827
3/1/1938,5.651,11.616,-0.431,14.491
4/1/1938,8.913,14.984,2.968,15.363
5/1/1938,11.456,17.429,5.427,16.001
6/1/1938,13.321,18.989,7.418,16.607
7/1/1938,14.482,20.249,8.612,16.871
8/1/1938,13.963,19.85,8.097,16.904
9/1/1938,12.427,18.311,6.468,16.367
10/1/1938,9.784,15.734,3.984,15.526
11/1/1938,6.53,12.161,0.969,14.408
12/1/1938,3.51,8.922,-2.001,13.556
1/1/1939,2.932,8.53,-2.771,13.538
2/1/1939,3.232,9.048,-2.535,13.757
3/1/1939,4.926,10.836,-1.1,14.273
4/1/1939,8.328,14.44,2.271,15.296
5/1/1939,11.524,17.489,5.362,16.174
6/1/1939,13.531,19.47,7.51,16.712
7/1/1939,14.395,20.26,8.617,16.988
8/1/1939,13.932,19.807,8.011,16.892
9/1/1939,11.958,17.922,5.907,16.3
10/1/1939,9.218,14.963,3.479,15.232
11/1/1939,6.189,11.742,0.555,14.379
12/1/1939,4.959,10.629,-0.738,14.087
1/1/1940,2.335,7.942,-3.35,13.576
2/1/1940,3.423,9.25,-2.488,13.932
3/1/1940,5.424,11.402,-0.622,14.48
4/1/1940,8.756,14.793,2.722,15.452
5/1/1940,11.338,17.273,5.202,16.08
6/1/1940,13.583,19.501,7.532,16.725
7/1/1940,14.571,20.408,8.51,17.123
8/1/1940,13.811,19.662,7.937,16.946
9/1/1940,12.268,18.186,6.377,16.43
10/1/1940,9.457,15.273,3.762,15.384
11/1/1940,6.076,11.667,0.52,14.377
12/1/1940,4.134,9.592,-1.418,13.96
1/1/1941,2.735,8.348,-3.01,13.622
2/1/1941,3.67,9.439,-2.234,13.946
3/1/1941,5.213,11.152,-0.901,14.425
4/1/1941,8.575,14.429,2.616,15.407
5/1/1941,11.493,17.259,5.582,16.152
6/1/1941,13.63,19.447,7.696,16.753
7/1/1941,14.694,20.578,8.739,17.131
8/1/1941,14.028,19.853,8.134,16.915
9/1/1941,11.816,17.813,5.973,16.19
10/1/1941,9.71,15.504,3.988,15.629
11/1/1941,5.953,11.536,0.265,14.475
12/1/1941,3.707,9.076,-1.87,13.971
1/1/1942,3.103,8.715,-2.609,13.821
2/1/1942,2.857,8.544,-2.883,13.773
3/1/1942,5.308,11.264,-0.771,14.538
4/1/1942,8.416,14.453,2.401,15.307
5/1/1942,11.338,17.196,5.398,16.147
6/1/1942,13.578,19.417,7.721,16.729
7/1/1942,14.242,20.107,8.516,16.902
8/1/1942,13.786,19.603,8.042,16.766
9/1/1942,12.146,18.143,6.151,16.265
10/1/1942,9.627,15.452,3.864,15.358
11/1/1942,6.395,12.149,0.685,14.426
12/1/1942,3.945,9.368,-1.474,13.872
1/1/1943,2.396,8.017,-3.283,13.522
2/1/1943,3.513,9.468,-2.37,13.939
3/1/1943,5.138,11.123,-0.812,14.371
4/1/1943,8.638,14.654,2.719,15.335
5/1/1943,11.485,17.401,5.523,16.123
6/1/1943,13.161,19.036,7.314,16.596
7/1/1943,14.46,20.394,8.503,16.95
8/1/1943,13.774,19.68,7.986,16.912
9/1/1943,12.096,18.029,6.325,16.285
10/1/1943,9.907,15.859,4.068,15.62
11/1/1943,6.26,11.87,0.592,14.53
12/1/1943,4.233,9.705,-1.326,13.957
1/1/1944,3.504,9.037,-1.929,13.819
2/1/1944,3.591,9.407,-2.123,14.023
3/1/1944,5.531,11.517,-0.4,14.632
4/1/1944,8.434,14.577,2.337,15.432
5/1/1944,11.334,17.483,5.328,16.212
6/1/1944,13.478,19.508,7.491,16.772
7/1/1944,14.468,20.493,8.652,17.119
8/1/1944,14.017,20.108,8.076,17.117
9/1/1944,12.45,18.453,6.614,16.472
10/1/1944,9.808,15.732,4.032,15.623
11/1/1944,6.091,11.515,0.607,14.401
12/1/1944,3.434,8.896,-1.969,13.767
1/1/1945,2.525,8.127,-2.907,13.586
2/1/1945,2.646,8.373,-3.044,13.747
3/1/1945,5.184,11.182,-0.898,14.462
4/1/1945,8.681,14.727,2.601,15.431
5/1/1945,11.097,17.214,5.008,16.064
6/1/1945,13.328,19.407,7.366,16.661
7/1/1945,14.213,20.142,8.352,16.911
8/1/1945,14.313,20.189,8.413,17.106
9/1/1945,12.225,18.078,6.414,16.358
10/1/1945,9.575,15.458,3.83,15.574
11/1/1945,6.073,11.697,0.47,14.453
12/1/1945,3.158,8.671,-2.337,13.616
1/1/1946,2.979,8.484,-2.547,13.638
2/1/1946,3.461,9.259,-2.389,13.816
3/1/1946,5.236,11.244,-0.839,14.514
4/1/1946,8.837,14.909,2.711,15.441
5/1/1946,11.355,17.275,5.323,15.994
6/1/1946,13.298,19.086,7.197,16.513
7/1/1946,14.409,20.265,8.427,16.944
8/1/1946,13.834,19.783,7.998,16.717
9/1/1946,12.064,17.921,6.264,16.252
10/1/1946,9.281,15.175,3.577,15.437
11/1/1946,6.235,11.863,0.555,14.359
12/1/1946,3.134,8.514,-2.31,13.528
1/1/1947,2.597,8.109,-2.992,13.532
2/1/1947,3.277,9.045,-2.668,13.832
3/1/1947,5.801,11.8,-0.367,14.54
4/1/1947,8.686,14.734,2.738,15.373
5/1/1947,11.329,17.266,5.263,16.089
6/1/1947,13.459,19.361,7.452,16.701
7/1/1947,14.349,20.126,8.35,16.973
8/1/1947,13.827,19.541,8.002,16.804
9/1/1947,12.166,17.959,6.355,16.261
10/1/1947,10.011,15.797,4.313,15.49
11/1/1947,6.407,11.926,0.913,14.435
12/1/1947,3.656,9.086,-1.784,13.692
1/1/1948,3.366,9.136,-2.352,13.666
2/1/1948,3.22,9.034,-2.613,13.692
3/1/1948,4.919,10.852,-1.039,14.284
4/1/1948,8.499,14.384,2.617,15.266
5/1/1948,11.537,17.592,5.515,16.173
6/1/1948,13.664,19.614,7.585,16.742
7/1/1948,14.445,20.334,8.625,16.938
8/1/1948,13.896,19.87,7.965,16.902
9/1/1948,12.155,18.217,6.209,16.243
10/1/1948,9.584,15.52,3.812,15.389
11/1/1948,6.185,11.853,0.691,14.299
12/1/1948,3.491,8.981,-2.03,13.54
1/1/1949,3.219,8.837,-2.428,13.704
2/1/1949,2.759,8.518,-3.003,13.686
3/1/1949,5.077,10.981,-0.773,14.322
4/1/1949,8.344,14.41,2.364,15.312
5/1/1949,11.309,17.196,5.444,16.063
6/1/1949,13.223,19.064,7.389,16.467
7/1/1949,14.199,20.128,8.297,16.807
8/1/1949,13.826,19.77,8.004,16.796
9/1/1949,11.957,17.969,6.052,16.177
10/1/1949,9.531,15.439,3.719,15.375
11/1/1949,6.148,11.821,0.453,14.331
12/1/1949,3.449,8.843,-1.892,13.633
1/1/1950,2.008,7.611,-3.622,13.311
2/1/1950,2.721,8.475,-3.013,13.554
3/1/1950,5.247,11.173,-0.693,14.296
4/1/1950,8.123,14.157,2.043,15.093
5/1/1950,11.297,17.252,5.421,16.033
6/1/1950,13.382,19.29,7.501,16.66
7/1/1950,14.14,19.882,8.417,16.981
8/1/1950,13.46,19.39,7.729,16.731
9/1/1950,11.952,17.737,6.205,16.124
10/1/1950,9.153,14.918,3.452,15.245
11/1/1950,5.372,11.077,-0.426,14.06
12/1/1950,3.528,9.123,-2.071,13.586
1/1/1951,2.138,7.77,-3.521,13.341
2/1/1951,2.332,8.163,-3.661,13.488
3/1/1951,5.091,11.074,-1.087,14.278
4/1/1951,8.367,14.538,2.191,15.198
5/1/1951,11.438,17.371,5.376,16.158
6/1/1951,13.25,19.16,7.312,16.768
7/1/1951,14.324,20.225,8.416,17.046
8/1/1951,14.021,19.81,8.033,17.081
9/1/1951,12.324,18.362,6.427,16.43
10/1/1951,9.67,15.149,4.047,15.529
11/1/1951,6.225,11.752,0.457,14.422
12/1/1951,4.328,9.788,-1.162,13.995
1/1/1952,3.049,8.656,-2.579,13.762
2/1/1952,3.396,9.113,-2.425,14.009
3/1/1952,4.967,10.96,-1.193,14.373
4/1/1952,8.461,14.565,2.445,15.363
5/1/1952,11.352,17.289,5.394,16.129
6/1/1952,13.442,19.426,7.626,16.751
7/1/1952,14.549,20.416,8.754,17.068
8/1/1952,13.964,19.753,8.161,16.952
9/1/1952,12.238,18.109,6.379,16.395
10/1/1952,9.157,15.032,3.294,15.434
11/1/1952,5.425,11.017,-0.164,14.334
12/1/1952,3.659,9.215,-1.85,13.787
1/1/1953,2.964,8.541,-2.629,13.642
2/1/1953,3.629,9.51,-2.182,14.02
3/1/1953,5.712,11.677,-0.22,14.561
4/1/1953,8.892,14.813,2.913,15.518
5/1/1953,11.514,17.358,5.53,16.266
6/1/1953,13.612,19.461,7.749,16.89
7/1/1953,14.392,20.254,8.565,17.088
8/1/1953,14.059,19.803,8.25,16.985
9/1/1953,12.199,18.145,6.288,16.418
10/1/1953,9.59,15.367,3.908,15.471
11/1/1953,5.924,11.376,0.419,14.332
12/1/1953,3.998,9.366,-1.299,13.862
1/1/1954,2.059,7.673,-3.581,13.38
2/1/1954,3.084,8.863,-2.674,13.783
3/1/1954,5.148,11.148,-0.865,14.385
4/1/1954,8.158,13.973,2.424,15.226
5/1/1954,10.988,16.784,5.196,15.971
6/1/1954,13.4,19.213,7.62,16.609
7/1/1954,14.241,20.015,8.543,16.851
8/1/1954,13.868,19.588,8.184,16.816
9/1/1954,12.098,17.852,6.368,16.223
10/1/1954,9.546,15.26,3.902,15.423
11/1/1954,6.579,12.155,1.046,14.48
12/1/1954,3.559,8.915,-1.773,13.62
1/1/1955,3.412,8.914,-2.028,13.717
2/1/1955,3.137,8.966,-2.71,13.718
3/1/1955,4.585,10.377,-1.427,14.179
4/1/1955,8.136,13.914,2.223,15.119
5/1/1955,11.192,17.11,5.504,15.882
6/1/1955,13.56,19.218,7.735,16.555
7/1/1955,14.242,19.959,8.579,16.809
8/1/1955,14.283,19.857,8.303,16.899
9/1/1955,11.954,17.859,6.405,16.148
10/1/1955,9.735,15.446,3.923,15.333
11/1/1955,5.973,11.527,0.084,14.211
12/1/1955,3.306,8.802,-2.254,13.522
1/1/1956,2.466,7.909,-3.055,13.444
2/1/1956,2.781,8.555,-3.131,13.626
3/1/1956,4.889,10.836,-1.028,14.231
4/1/1956,7.922,13.848,2.043,15.029
5/1/1956,10.721,16.734,5.083,15.823
6/1/1956,13.16,18.939,7.309,16.472
7/1/1956,14.18,19.952,8.603,16.83
8/1/1956,13.189,18.967,7.513,16.605
9/1/1956,11.783,17.501,5.872,16.088
10/1/1956,8.928,14.667,3.173,15.159
11/1/1956,5.738,11.414,0.134,14.261
12/1/1956,3.598,8.962,-1.775,13.704
1/1/1957,2.488,8.005,-2.97,13.473
2/1/1957,3.12,8.708,-2.51,13.804
3/1/1957,5.036,10.986,-0.916,14.381
4/1/1957,8.366,14.094,2.426,15.324
5/1/1957,11.259,17.054,5.43,16.216
6/1/1957,13.783,19.473,7.811,16.878
7/1/1957,14.129,19.828,8.382,17.034
8/1/1957,14.082,19.792,8.263,17.049
9/1/1957,12.312,18.065,6.407,16.38
10/1/1957,9.496,15.049,3.801,15.463
11/1/1957,6.391,11.849,0.831,14.516
12/1/1957,4.328,9.68,-0.943,13.971
1/1/1958,3.574,8.977,-1.772,13.881
2/1/1958,3.695,9.546,-1.949,14.071
3/1/1958,5.453,11.321,-0.549,14.547
4/1/1958,8.52,14.392,2.57,15.359
5/1/1958,11.519,17.355,5.625,16.18
6/1/1958,13.187,19.028,7.427,16.619
7/1/1958,14.438,20.121,8.839,17.039
8/1/1958,13.597,19.399,8.048,16.832
9/1/1958,11.845,17.549,6.204,16.284
10/1/1958,9.375,15.094,3.742,15.437
11/1/1958,6.26,11.718,0.746,14.507
12/1/1958,3.822,9.23,-1.557,13.829
1/1/1959,2.959,8.39,-2.406,13.636
2/1/1959,3.33,9.004,-2.225,13.873
3/1/1959,5.854,11.728,-0.071,14.612
4/1/1959,8.819,14.752,2.807,15.439
5/1/1959,11.323,17.164,5.536,16.122
6/1/1959,13.577,19.379,7.748,16.776
7/1/1959,14.449,20.236,8.854,17.002
8/1/1959,13.853,19.532,8.321,16.908
9/1/1959,11.946,17.663,6.344,16.278
10/1/1959,9.16,14.767,3.586,15.405
11/1/1959,5.752,11.261,0.302,14.272
12/1/1959,3.77,9.122,-1.493,13.763
1/1/1960,2.713,8.222,-2.623,13.553
2/1/1960,3.798,9.748,-1.92,13.956
3/1/1960,4.303,10.216,-1.677,14.145
4/1/1960,8.133,13.955,2.229,15.19
5/1/1960,10.872,16.71,5.044,15.956
6/1/1960,13.484,19.306,7.729,16.67
7/1/1960,14.198,19.884,8.492,16.985
8/1/1960,13.825,19.604,8.242,16.969
9/1/1960,12.095,17.856,6.498,16.382
10/1/1960,9.497,15.235,3.8,15.456
11/1/1960,5.828,11.433,0.355,14.313
12/1/1960,4.259,9.64,-0.978,13.928
1/1/1961,2.926,8.38,-2.383,13.664
2/1/1961,3.683,9.299,-1.895,14.058
3/1/1961,5.589,11.478,-0.271,14.609
4/1/1961,8.631,14.497,2.817,15.444
5/1/1961,11.624,17.592,5.729,16.241
6/1/1961,13.702,19.598,7.796,16.81
7/1/1961,14.288,20.014,8.664,16.987
8/1/1961,13.849,19.606,8.23,16.917
9/1/1961,12.247,17.987,6.525,16.309
10/1/1961,9.328,15.057,3.508,15.401
11/1/1961,6.205,11.655,0.74,14.437
12/1/1961,3.5,9.016,-1.915,13.682
1/1/1962,3.003,8.657,-2.509,13.655
2/1/1962,3.696,9.547,-2.045,14.003
3/1/1962,5.53,11.537,-0.416,14.522
4/1/1962,8.54,14.473,2.576,15.353
5/1/1962,11.128,17.04,5.195,16.041
6/1/1962,13.427,19.35,7.456,16.679
7/1/1962,14.205,20.054,8.451,16.952
8/1/1962,13.713,19.553,7.941,16.83
9/1/1962,12.018,17.845,6.313,16.246
10/1/1962,9.468,15.226,3.774,15.429
11/1/1962,6.283,11.775,0.797,14.421
12/1/1962,3.94,9.425,-1.43,13.776
1/1/1963,2.901,8.671,-2.679,13.594
2/1/1963,4.02,9.95,-1.685,14.014
3/1/1963,5.097,11.043,-0.895,14.357
4/1/1963,8.173,13.914,2.35,15.216
5/1/1963,11.045,16.819,5.234,16.05
6/1/1963,13.412,19.276,7.604,16.675
7/1/1963,14.506,20.229,8.797,17.089
8/1/1963,14.309,20.009,8.471,17.061
9/1/1963,12.555,18.306,6.724,16.48
10/1/1963,9.943,15.716,4.326,15.587
11/1/1963,6.561,12.068,1.31,14.58
12/1/1963,3.75,9.346,-1.666,13.817
1/1/1964,2.881,8.384,-2.549,13.595
2/1/1964,3.028,8.791,-2.613,13.73
3/1/1964,4.865,10.97,-1.152,14.256
4/1/1964,7.922,13.794,2.152,15.062
5/1/1964,10.905,16.801,5.202,15.856
6/1/1964,13.459,19.275,7.536,16.591
7/1/1964,14.301,20.065,8.572,16.784
8/1/1964,13.678,19.386,8.05,16.634
9/1/1964,11.604,17.394,6.11,16.002
10/1/1964,8.832,14.654,3.218,15.171
11/1/1964,5.983,11.609,0.483,14.202
12/1/1964,3.458,8.759,-1.783,13.522
1/1/1965,2.862,8.418,-2.526,13.545
2/1/1965,3.036,8.907,-2.822,13.698
3/1/1965,5.182,11.22,-0.735,14.285
4/1/1965,7.99,13.841,2.168,15.095
5/1/1965,11.222,17.168,5.262,16.007
6/1/1965,13.308,19.126,7.483,16.532
7/1/1965,14.078,19.869,8.376,16.762
8/1/1965,13.807,19.583,8.184,16.803
9/1/1965,11.73,17.407,6.096,16.154
10/1/1965,9.488,15.11,3.8,15.406
11/1/1965,5.86,11.337,0.354,14.287
12/1/1965,3.766,9.235,-1.543,13.775
1/1/1966,2.49,8.049,-3.041,13.495
2/1/1966,3.29,9.005,-2.421,13.81
3/1/1966,5.527,11.296,-0.42,14.445
4/1/1966,8.161,13.951,2.331,15.254
5/1/1966,11.2,17.07,5.189,15.987
6/1/1966,13.587,19.378,7.723,16.693
7/1/1966,14.569,20.392,8.823,17.033
8/1/1966,13.731,19.627,8.087,16.826
9/1/1966,12.133,18.028,6.482,16.273
10/1/1966,9.153,14.777,3.555,15.315
11/1/1966,5.969,11.58,0.412,14.362
12/1/1966,3.382,8.758,-1.927,13.683
1/1/1967,2.71,8.395,-2.869,13.527
2/1/1967,2.905,8.619,-2.772,13.688
3/1/1967,5.396,11.222,-0.356,14.465
4/1/1967,8.458,14.376,2.5,15.3
5/1/1967,11.632,17.505,5.784,16.279
6/1/1967,13.194,18.911,7.445,16.665
7/1/1967,14.331,20.142,8.706,16.97
8/1/1967,13.821,19.593,8.172,16.84
9/1/1967,12.054,17.852,6.269,16.244
10/1/1967,9.809,15.479,4.178,15.469
11/1/1967,6.176,11.505,0.808,14.353
12/1/1967,3.915,9.279,-1.42,13.73
1/1/1968,2.353,7.867,-3.062,13.389
2/1/1968,3.245,8.88,-2.319,13.724
3/1/1968,6.117,11.907,0.285,14.581
4/1/1968,8.455,14.427,2.596,15.261
5/1/1968,11.068,16.76,5.176,15.99
6/1/1968,13.204,18.873,7.318,16.696
7/1/1968,14.026,19.734,8.431,16.887
8/1/1968,13.524,19.238,7.892,16.794
9/1/1968,11.62,17.348,5.942,16.155
10/1/1968,9.453,15.086,3.787,15.481
11/1/1968,5.891,11.3,0.357,14.418
12/1/1968,3.24,8.551,-2.116,13.791
1/1/1969,1.966,7.229,-3.298,13.518
2/1/1969,2.45,7.969,-3.191,13.747
3/1/1969,5.131,11.018,-0.824,14.576
4/1/1969,8.576,14.286,2.69,15.518
5/1/1969,11.354,17.064,5.565,16.329
6/1/1969,13.475,19.208,7.568,16.83
7/1/1969,14.218,20.024,8.666,16.924
8/1/1969,13.804,19.628,8.124,16.945
9/1/1969,12.048,17.67,6.421,16.337
10/1/1969,9.489,14.888,4.05,15.445
11/1/1969,6.42,11.974,0.923,14.524
12/1/1969,4.21,9.587,-1.139,13.993
1/1/1970,2.836,8.288,-2.584,13.711
2/1/1970,3.735,9.543,-2.02,14.022
3/1/1970,5.272,11.066,-0.545,14.503
4/1/1970,8.603,14.383,2.739,15.44
5/1/1970,11.206,17.165,5.402,16.104
6/1/1970,13.513,19.368,7.599,16.672
7/1/1970,14.395,20.254,8.723,16.912
8/1/1970,13.658,19.43,8.097,16.748
9/1/1970,12.277,17.879,6.62,16.335
10/1/1970,9.348,14.96,3.787,15.42
11/1/1970,6.047,11.562,0.524,14.418
12/1/1970,3.521,8.941,-1.829,13.707
1/1/1971,2.967,8.531,-2.531,13.615
2/1/1971,2.867,8.579,-2.723,13.627
3/1/1971,5.001,10.967,-0.896,14.254
4/1/1971,8.339,14.267,2.516,15.227
5/1/1971,11.211,17.186,5.384,15.963
6/1/1971,13.099,18.992,7.436,16.539
7/1/1971,14.139,19.984,8.511,16.846
8/1/1971,13.879,19.593,8.086,16.752
9/1/1971,12.139,17.918,6.463,16.22
10/1/1971,9.388,15.146,3.809,15.298
11/1/1971,6.295,11.842,0.931,14.399
12/1/1971,3.867,9.228,-1.439,13.66
1/1/1972,1.882,7.392,-3.549,13.298
2/1/1972,2.609,8.219,-3.115,13.644
3/1/1972,5.287,11.169,-0.672,14.446
4/1/1972,8.337,14.148,2.498,15.291
5/1/1972,11.155,16.968,5.361,16.095
6/1/1972,13.501,19.231,7.627,16.729
7/1/1972,14.231,20.037,8.568,16.956
8/1/1972,14.171,19.88,8.386,16.978
9/1/1972,11.901,17.529,6.166,16.27
10/1/1972,9.346,15.057,3.84,15.438
11/1/1972,5.797,11.167,0.52,14.419
12/1/1972,3.778,9.182,-1.492,13.951
1/1/1973,3.038,8.492,-2.308,13.774
2/1/1973,3.898,9.496,-1.654,14.14
3/1/1973,5.82,11.605,0.109,14.663
4/1/1973,8.938,14.51,3.107,15.528
5/1/1973,11.769,17.417,5.926,16.288
6/1/1973,13.824,19.497,8.155,16.795
7/1/1973,14.435,20.112,8.989,17.002
8/1/1973,13.869,19.707,8.427,16.889
9/1/1973,12.125,17.815,6.504,16.267
10/1/1973,9.609,15.182,3.913,15.419
11/1/1973,6.222,11.667,0.788,14.381
12/1/1973,3.832,9.292,-1.514,13.711
1/1/1974,2.261,7.464,-2.894,13.3
2/1/1974,2.582,8.118,-2.926,13.49
3/1/1974,5.19,10.966,-0.495,14.267
4/1/1974,8.386,14.179,2.59,15.182
5/1/1974,11.198,16.932,5.47,15.957
6/1/1974,13.382,19.235,7.591,16.616
7/1/1974,14.288,19.925,8.654,16.846
8/1/1974,14.016,19.652,8.391,16.912
9/1/1974,11.744,17.43,6.14,16.197
10/1/1974,9.098,14.884,3.423,15.274
11/1/1974,5.915,11.459,0.389,14.32
12/1/1974,3.55,8.739,-1.522,13.656
1/1/1975,3.059,8.484,-2.257,13.621
2/1/1975,3.395,9.026,-2.096,13.857
3/1/1975,5.706,11.384,-0.15,14.538
4/1/1975,8.584,14.399,2.882,15.297
5/1/1975,11.742,17.484,5.842,16.136
6/1/1975,13.557,19.275,7.796,16.682
7/1/1975,14.351,20.051,8.637,16.877
8/1/1975,13.514,19.248,7.892,16.665
9/1/1975,12.152,17.804,6.54,16.216
10/1/1975,9.318,14.908,3.671,15.292
11/1/1975,5.893,11.462,0.332,14.126
12/1/1975,3.667,9.079,-1.636,13.557
1/1/1976,2.884,8.398,-2.452,13.442
2/1/1976,3.031,8.509,-2.443,13.619
3/1/1976,4.517,10.305,-1.204,14.124
4/1/1976,8.294,14.177,2.489,15.135
5/1/1976,10.942,16.728,5.176,15.778
6/1/1976,13.086,18.954,7.345,16.448
7/1/1976,14.155,19.852,8.349,16.864
8/1/1976,13.511,19.163,7.646,16.671
9/1/1976,11.895,17.74,6.197,16.185
10/1/1976,8.511,14.028,3.113,15.167
11/1/1976,5.66,11.156,0.302,14.299
12/1/1976,3.681,9.086,-1.708,13.841
1/1/1977,2.492,7.764,-2.648,13.647
2/1/1977,3.471,9.135,-2.152,14.001
3/1/1977,5.702,11.581,-0.035,14.639
4/1/1977,8.85,14.751,3.058,15.47
5/1/1977,11.78,17.594,6.009,16.286
6/1/1977,13.876,19.628,8.058,16.846
7/1/1977,14.631,20.327,8.971,17.047
8/1/1977,14.09,19.673,8.464,16.979
9/1/1977,11.862,17.535,6.35,16.312
10/1/1977,9.156,14.875,3.586,15.387
11/1/1977,6.544,11.962,1.259,14.544
12/1/1977,3.749,9.001,-1.385,13.741
1/1/1978,2.705,8.006,-2.52,13.587
2/1/1978,3.456,9.006,-2.149,13.904
3/1/1978,5.607,11.344,-0.074,14.555
4/1/1978,8.791,14.628,3.084,15.372
5/1/1978,11.414,17.131,5.723,16.101
6/1/1978,13.22,18.891,7.715,16.601
7/1/1978,14.364,19.911,8.894,16.935
8/1/1978,13.297,18.974,7.681,16.623
9/1/1978,12.03,17.64,6.431,16.281
10/1/1978,9.339,14.964,3.803,15.337
11/1/1978,6.35,11.685,1.08,14.522
12/1/1978,3.74,9.195,-1.617,13.793
1/1/1979,2.679,8.071,-2.625,13.63
2/1/1979,2.841,8.525,-2.759,13.768
3/1/1979,5.474,11.331,-0.129,14.565
4/1/1979,8.455,14.273,2.623,15.391
5/1/1979,11.199,17.139,5.712,16.076
6/1/1979,13.487,19.366,7.818,16.772
7/1/1979,14.114,19.945,8.491,16.992
8/1/1979,13.833,19.623,8.266,16.978
9/1/1979,12.247,18.059,6.714,16.45
10/1/1979,9.586,15.354,4.054,15.557
11/1/1979,6.286,11.807,0.905,14.609
12/1/1979,4.6,10,-0.669,14.182
1/1/1980,2.956,8.468,-2.457,13.812
2/1/1980,3.652,9.26,-1.864,14.112
3/1/1980,5.367,11.24,-0.379,14.646
4/1/1980,8.935,14.821,3.109,15.578
5/1/1980,11.77,17.713,6.131,16.314
6/1/1980,13.582,19.375,7.901,16.806
7/1/1980,14.742,20.466,9.102,17.171
8/1/1980,14.189,19.814,8.563,17.049
9/1/1980,12.321,18.121,6.642,16.427
10/1/1980,9.55,15.17,4.051,15.45
11/1/1980,6.684,12.196,1.334,14.645
12/1/1980,4.016,9.431,-1.277,13.892
1/1/1981,3.785,9.267,-1.298,13.963
2/1/1981,4.021,9.689,-1.41,14.073
3/1/1981,6.239,12.05,0.554,14.769
4/1/1981,8.953,14.817,3.131,15.432
5/1/1981,11.565,17.471,5.901,16.198
6/1/1981,13.765,19.611,8.065,16.932
7/1/1981,14.738,20.398,9.208,17.217
8/1/1981,14.502,20.293,8.977,17.123
9/1/1981,12.236,17.95,6.646,16.466
10/1/1981,9.394,14.979,3.765,15.453
11/1/1981,6.273,11.669,0.97,14.47
12/1/1981,4.519,10.068,-0.878,14.098
1/1/1982,2.558,8.09,-2.777,13.587
2/1/1982,3.281,8.843,-2.075,13.852
3/1/1982,4.873,10.667,-0.722,14.337
4/1/1982,8.465,14.388,2.89,15.33
5/1/1982,11.348,17.149,5.727,16.144
6/1/1982,13.245,19.083,7.556,16.625
7/1/1982,14.545,20.311,9.019,17
8/1/1982,13.796,19.534,8.465,16.867
9/1/1982,12.039,17.75,6.675,16.354
10/1/1982,9.232,14.845,3.917,15.493
11/1/1982,5.961,11.314,0.909,14.446
12/1/1982,4.327,9.637,-0.705,14.068
1/1/1983,3.445,8.747,-1.65,13.979
2/1/1983,3.814,9.427,-1.592,14.169
3/1/1983,5.699,11.503,0.097,14.683
4/1/1983,8.693,14.45,3.053,15.468
5/1/1983,11.729,17.477,6.144,16.34
6/1/1983,13.478,19.217,7.819,16.786
7/1/1983,14.408,20.139,8.829,17.068
8/1/1983,14.302,20.105,8.729,17.145
9/1/1983,12.698,18.412,7.08,16.573
10/1/1983,9.478,15.097,4.011,15.498
11/1/1983,6.765,12.334,1.421,14.648
12/1/1983,3.829,9.25,-1.312,13.886
1/1/1984,2.941,8.338,-2.235,13.701
2/1/1984,3.093,8.786,-2.452,13.878
3/1/1984,5.671,11.541,-0.078,14.608
4/1/1984,8.432,14.335,2.608,15.37
5/1/1984,11.976,17.86,6.211,16.295
6/1/1984,13.387,19.05,7.662,16.668
7/1/1984,14.429,20.109,8.958,16.961
8/1/1984,13.984,19.83,8.33,16.972
9/1/1984,12.015,17.718,6.5,16.385
10/1/1984,9.378,14.891,4.015,15.368
11/1/1984,5.811,11.243,0.602,14.32
12/1/1984,3.185,8.411,-1.88,13.604
1/1/1985,3.01,8.385,-2.22,13.678
2/1/1985,2.704,8.322,-2.853,13.731
3/1/1985,5.451,11.194,-0.133,14.526
4/1/1985,8.633,14.421,2.905,15.356
5/1/1985,11.426,17.203,5.756,16.136
6/1/1985,13.569,19.396,7.908,16.713
7/1/1985,13.973,19.711,8.362,16.906
8/1/1985,14.059,19.757,8.515,17.013
9/1/1985,11.98,17.634,6.482,16.357
10/1/1985,9.338,14.808,4.051,15.476
11/1/1985,5.968,11.331,0.703,14.388
12/1/1985,3.785,9.044,-1.368,13.808
1/1/1986,3.315,8.818,-2.011,13.724
2/1/1986,3.991,9.699,-1.637,14.084
3/1/1986,5.755,11.629,0.015,14.608
4/1/1986,8.871,14.772,3.105,15.452
5/1/1986,11.581,17.393,5.889,16.163
6/1/1986,13.439,19.211,7.72,16.696
7/1/1986,14.293,19.987,8.739,16.991
8/1/1986,13.972,19.874,8.433,16.938
9/1/1986,11.817,17.713,6.395,16.285
10/1/1986,9.299,14.803,3.881,15.455
11/1/1986,5.919,11.232,0.702,14.407
12/1/1986,3.751,9.071,-1.399,13.805
1/1/1987,3.139,8.701,-2.344,13.758
2/1/1987,4.134,9.792,-1.366,14.161
3/1/1987,5.245,11.203,-0.467,14.538
4/1/1987,8.595,14.69,2.835,15.447
5/1/1987,11.525,17.315,5.798,16.252
6/1/1987,13.927,19.661,8.105,16.9
7/1/1987,14.89,20.667,9.326,17.296
8/1/1987,13.896,19.632,8.32,17.061
9/1/1987,12.447,18.226,6.878,16.569
10/1/1987,9.59,15.136,4.094,15.621
11/1/1987,6.056,11.518,0.71,14.561
12/1/1987,4.489,9.857,-0.712,14.13
1/1/1988,3.454,8.864,-1.798,13.978
2/1/1988,3.422,9.094,-2.031,14.064
3/1/1988,5.931,11.817,0.366,14.778
4/1/1988,8.992,14.978,3.289,15.593
5/1/1988,11.852,17.676,6.143,16.348
6/1/1988,14.099,19.974,8.356,16.976
7/1/1988,14.798,20.466,9.186,17.179
8/1/1988,14.553,20.124,8.905,17.173
9/1/1988,12.681,18.424,7.08,16.553
10/1/1988,9.979,15.719,4.363,15.639
11/1/1988,6.295,11.837,0.841,14.465
12/1/1988,4.363,9.707,-0.852,13.923
1/1/1989,2.71,8.095,-2.598,13.566
2/1/1989,3.627,9.3,-1.924,13.978
3/1/1989,5.792,11.628,0.131,14.607
4/1/1989,8.689,14.541,2.737,15.422
5/1/1989,11.28,17.105,5.494,16.121
6/1/1989,13.447,19.25,7.871,16.725
7/1/1989,14.612,20.361,8.989,17.15
8/1/1989,14.135,19.987,8.595,17.051
9/1/1989,12.403,18.198,6.675,16.5
10/1/1989,9.76,15.473,4.1,15.597
11/1/1989,6.179,11.718,0.749,14.524
12/1/1989,4.43,9.802,-0.807,14.058
1/1/1990,3.243,8.557,-1.939,13.891
2/1/1990,3.643,9.225,-1.795,14.143
3/1/1990,6.73,12.658,1.036,15.005
4/1/1990,9.169,15.058,3.373,15.683
5/1/1990,11.831,17.642,6.086,16.397
6/1/1990,13.893,19.786,8.167,16.995
7/1/1990,14.784,20.401,9.158,17.246
8/1/1990,14.095,19.956,8.514,17.11
9/1/1990,12.195,17.993,6.597,16.465
10/1/1990,9.882,15.72,4.285,15.747
11/1/1990,6.92,12.561,1.345,14.77
12/1/1990,4.425,9.935,-0.922,14.1
1/1/1991,3.195,8.506,-1.907,13.859
2/1/1991,4.044,9.774,-1.499,14.201
3/1/1991,5.574,11.411,-0.129,14.689
4/1/1991,9.226,15.123,3.414,15.716
5/1/1991,11.616,17.441,6.009,16.37
6/1/1991,14.263,19.903,8.509,17.052
7/1/1991,14.987,20.643,9.273,17.348
8/1/1991,14.319,20.036,8.61,17.163
9/1/1991,12.677,18.539,7.004,16.572
10/1/1991,9.753,15.553,4.122,15.619
11/1/1991,6.44,11.862,1.121,14.607
12/1/1991,4.059,9.284,-1.061,13.98
1/1/1992,3.579,8.914,-1.655,13.961
2/1/1992,3.931,9.491,-1.595,14.181
3/1/1992,5.952,11.692,0.253,14.771
4/1/1992,8.572,14.366,2.785,15.51
5/1/1992,11.535,17.346,5.796,16.319
6/1/1992,13.576,19.36,7.818,16.886
7/1/1992,14.139,19.853,8.421,17.001
8/1/1992,13.766,19.435,8.131,16.9
9/1/1992,11.672,17.289,6.132,16.243
10/1/1992,9.353,15.152,3.676,15.419
11/1/1992,5.889,11.303,0.463,14.343
12/1/1992,4.075,9.455,-1.063,13.902
1/1/1993,3.301,8.666,-1.919,13.896
2/1/1993,3.745,9.42,-1.744,14.085
3/1/1993,5.923,11.791,0.141,14.725
4/1/1993,8.69,14.585,2.823,15.482
5/1/1993,11.475,17.289,5.674,16.231
6/1/1993,13.518,19.292,7.767,16.859
7/1/1993,14.595,20.228,8.947,17.155
8/1/1993,13.835,19.584,8.228,16.926
9/1/1993,11.93,17.639,6.287,16.381
10/1/1993,9.614,15.294,3.987,15.543
11/1/1993,5.738,11.091,0.363,14.41
12/1/1993,4.035,9.358,-1.139,13.904
1/1/1994,3.024,8.336,-2.274,13.731
2/1/1994,2.81,8.594,-2.768,13.773
3/1/1994,5.731,11.663,-0.131,14.713
4/1/1994,9.018,14.961,3.162,15.584
5/1/1994,11.684,17.582,5.682,16.348
6/1/1994,14.144,19.932,8.288,17.021
7/1/1994,14.658,20.421,8.947,17.183
8/1/1994,13.977,19.808,8.274,17.036
9/1/1994,12.516,18.335,6.821,16.498
10/1/1994,10.002,15.606,4.543,15.743
11/1/1994,6.788,12.2,1.311,14.754
12/1/1994,4.113,9.313,-1.102,14.036
1/1/1995,3.54,8.895,-1.769,13.945
2/1/1995,4.656,10.257,-0.879,14.388
3/1/1995,5.956,11.784,0.265,14.783
4/1/1995,8.972,14.839,3.162,15.587
5/1/1995,11.57,17.301,5.758,16.279
6/1/1995,14.164,20.115,8.232,17.008
7/1/1995,15.116,20.803,9.331,17.375
8/1/1995,14.636,20.409,8.808,17.297
9/1/1995,12.565,18.382,6.921,16.58
10/1/1995,10.106,15.749,4.49,15.748
11/1/1995,6.761,12.387,1.266,14.713
12/1/1995,4.123,9.396,-1.143,13.951
1/1/1996,2.862,8.351,-2.512,13.721
2/1/1996,4.012,9.769,-1.762,14.207
3/1/1996,5.524,11.411,-0.285,14.658
4/1/1996,8.679,14.471,2.717,15.541
5/1/1996,11.588,17.437,5.792,16.272
6/1/1996,13.681,19.405,7.854,16.847
7/1/1996,14.827,20.65,9.123,17.22
8/1/1996,14.603,20.416,8.918,17.21
9/1/1996,12.294,17.974,6.711,16.444
10/1/1996,9.525,15.191,3.929,15.516
11/1/1996,6.547,11.952,1.178,14.607
12/1/1996,4.325,9.82,-1.089,14.053
1/1/1997,3.165,8.588,-2.134,13.818
2/1/1997,3.766,9.456,-1.885,14.178
3/1/1997,6.012,11.808,0.19,14.873
4/1/1997,8.891,14.817,2.967,15.634
5/1/1997,11.593,17.378,5.802,16.388
6/1/1997,14.131,19.913,8.334,17.158
7/1/1997,14.565,20.26,8.825,17.307
8/1/1997,14.256,20.13,8.579,17.266
9/1/1997,12.685,18.555,6.973,16.766
10/1/1997,10.109,15.682,4.665,15.935
11/1/1997,6.841,12.195,1.503,14.952
12/1/1997,4.417,9.634,-0.737,14.291
1/1/1998,3.352,8.555,-1.776,14.063
2/1/1998,4.826,10.475,-0.768,14.611
3/1/1998,6.023,11.888,0.301,14.958
4/1/1998,9.358,15.255,3.439,15.884
5/1/1998,12.291,18.182,6.372,16.671
6/1/1998,14.521,20.404,8.778,17.289
7/1/1998,15.34,20.972,9.715,17.609
8/1/1998,14.874,20.505,9.344,17.491
9/1/1998,12.673,18.336,7.152,16.657
10/1/1998,9.941,15.506,4.45,15.768
11/1/1998,6.404,11.872,1.039,14.697
12/1/1998,4.669,10.083,-0.656,14.214
1/1/1999,3.544,8.877,-1.732,13.933
2/1/1999,4.694,10.4,-0.957,14.367
3/1/1999,5.53,11.4,-0.274,14.676
4/1/1999,8.838,14.807,2.931,15.572
5/1/1999,11.706,17.613,5.824,16.298
6/1/1999,14.031,19.831,8.205,16.957
7/1/1999,14.853,20.578,9.24,17.218
8/1/1999,14.348,20.158,8.696,17.1
9/1/1999,12.723,18.472,7.109,16.605
10/1/1999,9.997,15.583,4.491,15.675
11/1/1999,6.592,12.121,1.107,14.673
12/1/1999,4.565,9.953,-0.692,14.13
1/1/2000,2.95,8.349,-2.322,13.773
2/1/2000,4.184,9.863,-1.371,14.266
3/1/2000,6.219,12.205,0.376,14.846
4/1/2000,9.552,15.534,3.68,15.762
5/1/2000,11.874,17.721,5.997,16.395
6/1/2000,14.06,19.847,8.243,17
7/1/2000,14.848,20.665,9.098,17.242
8/1/2000,14.519,20.308,8.796,17.243
9/1/2000,12.547,18.373,6.822,16.613
10/1/2000,9.486,15.069,4,15.588
11/1/2000,6.312,11.67,0.996,14.632
12/1/2000,3.863,9.182,-1.333,13.968
1/1/2001,3.336,8.827,-2.078,13.936
2/1/2001,3.72,9.486,-1.997,14.179
3/1/2001,6.208,12.131,0.411,14.982
4/1/2001,9.245,15.174,3.234,15.808
5/1/2001,12.271,18.185,6.35,16.569
6/1/2001,14.11,19.962,8.218,17.151
7/1/2001,15.161,20.923,9.428,17.45
8/1/2001,14.427,20.332,8.664,17.294
9/1/2001,12.736,18.581,7.07,16.758
10/1/2001,9.935,15.578,4.353,15.831
11/1/2001,7.319,12.89,1.92,15.011
12/1/2001,4.507,9.841,-0.685,14.241
1/1/2002,4.026,9.459,-1.322,14.258
2/1/2002,4.704,10.435,-0.948,14.505
3/1/2002,6.772,12.775,0.894,15.198
4/1/2002,9.229,15.146,3.308,15.818
5/1/2002,12.248,18.157,6.199,16.605
6/1/2002,14.084,19.912,8.184,17.11
7/1/2002,15.354,21.199,9.409,17.487
8/1/2002,14.56,20.444,8.807,17.328
9/1/2002,12.95,18.785,7.16,16.799
10/1/2002,9.988,15.599,4.484,15.859
11/1/2002,6.892,12.48,1.389,14.856
12/1/2002,4.038,9.357,-1.189,14.127
1/1/2003,3.981,9.558,-1.481,14.207
2/1/2003,4.085,9.749,-1.48,14.359
3/1/2003,6.048,11.972,0.215,14.973
4/1/2003,9.154,15.033,3.209,15.774
5/1/2003,12.153,18.118,6.208,16.567
6/1/2003,14.017,19.77,8.222,17.104
7/1/2003,14.983,20.757,9.223,17.423
8/1/2003,14.691,20.48,8.974,17.402
9/1/2003,12.911,18.692,7.221,16.839
10/1/2003,10.424,16.115,4.74,15.997
11/1/2003,6.727,12.203,1.347,14.838
12/1/2003,5.133,10.545,-0.179,14.436
1/1/2004,3.525,8.901,-1.65,14.097
2/1/2004,4.499,10.171,-1.182,14.488
3/1/2004,6.321,12.275,0.376,14.992
4/1/2004,9.249,15.132,3.285,15.811
5/1/2004,11.571,17.296,5.707,16.383
6/1/2004,13.889,19.66,8.035,17.006
7/1/2004,14.312,20.087,8.624,17.227
8/1/2004,14.188,20.011,8.382,17.266
9/1/2004,12.642,18.451,6.907,16.745
10/1/2004,10.127,15.843,4.511,15.889
11/1/2004,7.315,12.796,1.91,15.022
12/1/2004,4.257,9.593,-0.932,14.161
1/1/2005,3.808,9.026,-1.377,14.159
2/1/2005,3.92,9.508,-1.534,14.293
3/1/2005,6.544,12.316,0.813,15.106
4/1/2005,9.618,15.551,3.697,15.978
5/1/2005,12.226,17.995,6.392,16.629
6/1/2005,14.476,20.104,8.863,17.248
7/1/2005,15.19,20.88,9.569,17.503
8/1/2005,14.51,20.25,8.934,17.375
9/1/2005,13.217,19.11,7.412,16.903
10/1/2005,10.601,16.235,5.004,16.025
11/1/2005,7.423,12.944,1.988,15.005
12/1/2005,4.878,10.279,-0.395,14.327
1/1/2006,3.286,8.617,-1.942,13.99
2/1/2006,4.43,10.124,-1.229,14.435
3/1/2006,6.329,12.239,0.56,14.966
4/1/2006,9.055,15.004,3.081,15.729
5/1/2006,11.786,17.65,5.791,16.463
6/1/2006,14.443,20.317,8.53,17.216
7/1/2006,15.042,20.905,9.288,17.419
8/1/2006,14.913,20.79,9.147,17.479
9/1/2006,12.875,18.779,7.081,16.792
10/1/2006,10.289,15.925,4.796,15.935
11/1/2006,6.955,12.448,1.518,14.931
12/1/2006,4.987,10.346,-0.243,14.407
1/1/2007,4.579,10.084,-0.818,14.417
2/1/2007,4.221,10.039,-1.503,14.408
3/1/2007,6.485,12.483,0.517,15.017
4/1/2007,9.823,15.807,3.88,15.93
5/1/2007,12.518,18.395,6.568,16.629
6/1/2007,14.309,20.223,8.37,17.168
7/1/2007,15.23,21.108,9.482,17.485
8/1/2007,14.752,20.641,9.032,17.339
9/1/2007,12.93,18.838,7.18,16.737
10/1/2007,10.332,16.134,4.609,15.867
11/1/2007,7.084,12.772,1.478,14.821
12/1/2007,4.523,9.873,-0.684,14.11
1/1/2008,2.844,8.155,-2.383,13.719
2/1/2008,3.576,9.351,-2.106,14.061
3/1/2008,6.906,12.992,0.879,15.077
4/1/2008,9.295,15.42,3.175,15.735
5/1/2008,12.054,17.989,6.053,16.497
6/1/2008,14.145,19.973,8.266,17.077
7/1/2008,15.174,21.006,9.407,17.449
8/1/2008,14.377,20.176,8.594,17.282
9/1/2008,12.802,18.629,7.116,16.757
10/1/2008,10.399,16.038,4.847,15.931
11/1/2008,7.224,12.738,1.796,14.919
12/1/2008,4.385,9.834,-0.946,14.151
1/1/2009,3.687,9.176,-1.756,14.091
2/1/2009,4.094,9.822,-1.545,14.267
3/1/2009,6.086,12.065,0.132,14.873
4/1/2009,9.367,15.377,3.32,15.819
5/1/2009,12.112,18.01,6.141,16.571
6/1/2009,14.201,20.056,8.3,17.26
7/1/2009,15.231,21.085,9.456,17.578
8/1/2009,14.655,20.577,8.855,17.427
9/1/2009,13.153,19.006,7.397,16.864
10/1/2009,10.136,15.79,4.563,15.91
11/1/2009,7.031,12.574,1.64,14.968
12/1/2009,4.31,9.661,-0.94,14.298
1/1/2010,3.737,9.245,-1.677,14.208
2/1/2010,4.399,10.034,-1.107,14.517
3/1/2010,6.738,12.669,0.796,15.223
4/1/2010,9.671,15.616,3.759,16.039
5/1/2010,12.406,18.173,6.524,16.732
6/1/2010,14.421,20.252,8.489,17.271
7/1/2010,15.213,20.97,9.551,17.532
8/1/2010,14.768,20.656,8.984,17.412
9/1/2010,12.863,18.603,7.252,16.761
10/1/2010,10.442,16.115,4.905,15.939
11/1/2010,7.487,13.168,1.95,14.995
12/1/2010,4.292,9.887,-1.139,14.117
1/1/2011,3.282,8.722,-2.034,13.928
2/1/2011,3.743,9.435,-1.906,14.193
3/1/2011,6.101,11.963,0.314,14.88
4/1/2011,9.483,15.45,3.524,15.832
5/1/2011,11.986,17.917,6.023,16.523
6/1/2011,14.37,20.231,8.48,17.203
7/1/2011,15.482,21.32,9.684,17.568
8/1/2011,15.012,20.922,9.208,17.475
9/1/2011,12.912,18.89,6.998,16.762
10/1/2011,10.352,16.075,4.85,15.873
11/1/2011,6.814,12.395,1.432,14.799
12/1/2011,4.655,10.098,-0.641,14.198
1/1/2012,3.157,8.691,-2.233,13.859
2/1/2012,3.628,9.379,-2.067,14.164
3/1/2012,6.023,12.025,0.075,14.863
4/1/2012,9.676,15.679,3.689,15.881
5/1/2012,12.59,18.611,6.461,16.699
6/1/2012,14.492,20.43,8.505,17.252
7/1/2012,15.076,21.006,9.229,17.45
8/1/2012,14.72,20.709,8.84,17.42
9/1/2012,13.04,19.074,7.176,16.882
10/1/2012,10.428,16.203,4.765,16.019
11/1/2012,7.156,12.689,1.796,15.001
12/1/2012,4.102,9.498,-1.162,14.138
1/1/2013,3.685,9.255,-1.726,14.117
2/1/2013,4.222,9.95,-1.472,14.359
3/1/2013,6.261,12.328,0.174,14.952
4/1/2013,9.044,15.084,3.055,15.749
5/1/2013,12.195,18.107,6.263,16.609
6/1/2013,14.568,20.44,8.685,17.257
7/1/2013,15.003,20.737,9.33,17.503
8/1/2013,14.742,20.596,9.014,17.462
9/1/2013,13.154,18.947,7.482,16.894
10/1/2013,10.256,15.994,4.663,15.905
11/1/2013,7.424,12.965,2.016,15.107
12/1/2013,4.724,10.083,-0.548,14.339
1/1/2014,3.732,9.327,-1.755,14.136
2/1/2014,3.5,9.146,-2.08,14.157
3/1/2014,6.378,12.367,0.436,15.09
4/1/2014,9.589,15.529,3.617,16.038
5/1/2014,12.582,18.362,6.613,16.804
6/1/2014,14.335,20.126,8.473,17.303
7/1/2014,14.873,20.711,9.112,17.508
8/1/2014,14.875,20.79,9.047,17.607
9/1/2014,13.091,18.865,7.399,16.975
10/1/2014,10.33,16.066,4.689,16.029
11/1/2014,6.713,12.284,1.313,14.899
12/1/2014,4.85,10.19,-0.331,14.41
1/1/2015,3.881,9.432,-1.518,14.255
2/1/2015,4.664,10.497,-1.138,14.564
3/1/2015,6.74,12.659,0.894,15.193
4/1/2015,9.313,15.224,3.402,15.962
5/1/2015,12.312,18.181,6.313,16.774
6/1/2015,14.505,20.364,8.627,17.39
7/1/2015,15.051,20.904,9.326,17.611
8/1/2015,14.755,20.699,9.005,17.589
9/1/2015,12.999,18.845,7.199,17.049
10/1/2015,10.801,16.45,5.232,16.29
11/1/2015,7.433,12.892,2.157,15.252
12/1/2015,5.518,10.725,0.287,14.774
